time,value
0.0,0.0
0.0583,-0.020191273875
0.1166,-0.040378289645
0.1749,-0.060568424226
0.2332,-0.080759162095
0.2915,-0.10095080294
0.3498,-0.12114448972
0.4081,-0.14134011155
0.4664,-0.16153884435
0.5247,-0.18173810495
0.583,-0.20193834247
0.6413,-0.22213827774
0.6996,-0.242337034
0.7579,-0.26253328501
0.8162,-0.28272594382
0.8745,-0.30291501224
0.9328,-0.32309844499
0.9911,-0.34327705639
1.0494,-0.36344870765
1.1077,-0.38361376402
1.166,-0.40377021854
1.2243,-0.42391809173
1.2826,-0.44405541705
1.3409,-0.46418231056
1.3992,-0.48429741532
1.4575,-0.50440025977
1.5158,-0.52449011358
1.5741,-0.5445656667
1.6324,-0.56462584537
1.6907,-0.58466986193
1.749,-0.60469681529
1.8073,-0.62470603174
1.8656,-0.644696162
1.9239,-0.66466735357
1.9822,-0.68461841475
2.0405,-0.70454857926
2.0988,-0.72445720145
2.1571,-0.74434345076
2.2154,-0.76420674712
2.2737,-0.78404608147
2.332,-0.80386140392
2.3903,-0.82365232281
2.4486,-0.84341785541
2.5069,-0.8631577167
2.5652,-0.88287111458
2.6235,-0.90255753339
2.6818,-0.92221647275
2.7401,-0.94184808629
2.7984,-0.96145130133
2.8567,-0.98102623272
2.915,-1.0005719339
2.9733,-1.0200884233
3.0316,-1.039574781
3.0899,-1.059031617
3.1482,-1.0784575604
3.2065,-1.09785298
3.2648,-1.1172169501
3.3231,-1.1365497387
3.3814,-1.1558501176
3.4397,-1.1751187447
3.498,-1.1943543099
3.5563,-1.2135571523
3.6146,-1.2327263171
3.6729,-1.2518615
3.7312,-1.2709625384
3.7895,-1.2900601049
3.8478,-1.3094002411
3.9061,-1.3292650168
3.9644,-1.3499287742
4.0227,-1.3716611551
4.081,-1.3947249603
4.1393,-1.4193702176
4.1976,-1.4458392702
4.2559,-1.474362741
4.3142,-1.5051603364
4.3725,-1.5384366489
4.4308,-1.5743785481
4.4891,-1.6131548321
4.5474,-1.6549169612
4.6057,-1.6997895915
4.664,-1.747874623
4.7223,-1.7992419039
4.7806,-1.8539353064
4.8389,-1.9119658166
4.8972,-1.9733084289
4.9555,-2.0378961791
5.0138,-2.1056339258
5.0721,-2.1763838006
5.1304,-2.2499787301
5.1887,-2.3262106196
5.247,-2.4048527162
5.3053,-2.4856328056
5.3636,-2.5682788715
5.4219,-2.6524755687
5.4802,-2.7379240604
5.5385,-2.8242859022
5.5968,-2.9112511447
5.6551,-2.9984766918
5.7134,-3.0856653595
5.7717,-3.1725002715
5.83,-3.2587576737
5.8883,-3.3441818386
5.9466,-3.4286198909
6.0049,-3.5118748895
6.0632,-3.5938718122
6.1215,-3.6744688211
6.1798,-3.7535945905
6.2381,-3.8311142182
6.2964,-3.9069429368
6.3547,-3.9809720174
6.413,-4.0531242537
6.4713,-4.123289044
6.5296,-4.1914147886
6.5879,-4.2574020782
6.6462,-4.3212095154
6.7045,-4.3827540108
6.7628,-4.4420190889
6.8211,-4.4989323137
6.8794,-4.5534793729
6.9377,-4.6056106916
6.996,-4.6553216661
7.0543,-4.7025697885
7.1126,-4.7473707718
7.1709,-4.7896450517
7.2292,-4.8294504853
7.2875,-4.8667151331
7.3458,-4.9014897893
7.4041,-4.9337095159
7.4624,-4.9634574571
7.5207,-4.9907628342
7.579,-5.0158942549
7.6373,-5.0390130954
7.6956,-5.0603918058
7.7539,-5.080178305
7.8122,-5.0986079721
7.8705,-5.1158188777
7.9288,-5.132023062
7.9871,-5.147349148
8.0454,-5.1619572923
8.1037,-5.175892028
8.162,-5.18925998
8.2203,-5.2020804559
8.2786,-5.2144332412
8.3369,-5.2262953269
8.3952,-5.2377103071
8.4535,-5.2486765963
8.5118,-5.2592440343
8.5701,-5.2694480527
8.6284,-5.2793794
8.6867,-5.2890523187
8.745,-5.2985241302
8.8033,-5.3077817891
8.8616,-5.3168281429
8.9199,-5.3256558147
8.9782,-5.3342437787
9.0365,-5.3425450982
9.0948,-5.3505632382
9.1531,-5.3583132989
9.2114,-5.3658705989
9.2697,-5.3732250866
9.328,-5.3804785225
9.3863,-5.3876382917
9.4446,-5.3948193946
9.5029,-5.4020550676
9.5612,-5.4094577099
9.6195,-5.4170460024
9.6778,-5.4249242215
9.7361,-5.4330838591
9.7944,-5.4415874888
9.8527,-5.4504235796
9.911,-5.4596435739
9.9693,-5.4692027359
10.0276,-5.4791456041
10.0859,-5.4894306417
10.1442,-5.5000950831
10.2025,-5.5110807282
10.2608,-5.5224019128
10.3191,-5.5340069333
10.3774,-5.5458996847
10.4357,-5.5579870577
10.494,-5.5702546139
10.5523,-5.5826280329
10.6106,-5.5951217649
10.6689,-5.6076538931
10.7272,-5.6202472865
10.7855,-5.632838804
10.8438,-5.645449768
10.9021,-5.6580517182
10.9604,-5.6706377289
11.0187,-5.6832033079
11.077,-5.6957158314
11.1353,-5.708206088
11.1936,-5.7206404431
11.2519,-5.7330467962
11.3102,-5.7453719819
11.3685,-5.7576746629
11.4268,-5.7699216508
11.4851,-5.7821371004
11.5434,-5.7942771129
11.6017,-5.8064132621
11.66,-5.8184947471
11.7183,-5.8305685366
11.7766,-5.8425969711
11.8349,-5.854651886
11.8932,-5.8666439316
11.9515,-5.8786637982
12.0098,-5.8906226841
12.0681,-5.9026097452
12.1264,-5.9145573375
12.1847,-5.9265057183
12.243,-5.9384369725
12.3013,-5.9503539263
12.3596,-5.962250542
12.4179,-5.9741369874
12.4762,-5.9859842371
12.5345,-5.9978365047
12.5928,-6.0096355065
12.6511,-6.0214808632
12.7094,-6.0332808062
12.7677,-6.0450770854
12.826,-6.0568565769
12.8843,-6.0686756579
12.9426,-6.0804358164
13.0009,-6.0922246056
13.0592,-6.1039992168
13.1175,-6.1157911688
13.1758,-6.1275591124
13.2341,-6.1393553673
13.2924,-6.1511278557
13.3507,-6.16294564
13.409,-6.1747340756
13.4673,-6.1865529881
13.5256,-6.198360384
13.5839,-6.2102027655
13.6422,-6.2220132364
13.7005,-6.2338889895
13.7588,-6.2457311017
13.8171,-6.2576089681
13.8754,-6.2694685558
13.9337,-6.2813366853
13.992,-6.2931732213
14.0503,-6.3050242657
14.1086,-6.3168751529
14.1669,-6.3287275077
14.2252,-6.3405391556
14.2835,-6.3524058353
14.3418,-6.3642257482
14.4001,-6.3760377615
14.4584,-6.3878684955
14.5167,-6.3997312206
14.575,-6.4115676964
14.6333,-6.4234512999
14.6916,-6.4353060991
14.7499,-6.4471750749
14.8082,-6.4590104689
14.8665,-6.4708406455
14.9248,-6.4826559794
14.9831,-6.4944840251
15.0414,-6.506259125
15.0997,-6.5180855849
15.158,-6.5298701627
15.2163,-6.5416891336
15.2746,-6.5534595363
15.3329,-6.5652258579
15.3912,-6.5769650852
15.4495,-6.5886835166
15.5078,-6.6003658544
15.5661,-6.6120759178
15.6244,-6.6237176094
15.6827,-6.6353619157
15.741,-6.6469390127
15.7993,-6.6585261222
15.8576,-6.6700776872
15.9159,-6.6816157496
15.9742,-6.6930747509
16.0325,-6.7045549573
16.0908,-6.7159414951
16.1491,-6.7273514226
16.2074,-6.7387033304
16.2657,-6.749995041
16.324,-6.7612056703
16.3823,-6.7724012956
16.4406,-6.783569291
16.4989,-6.7946667598
16.5572,-6.8057374507
16.6155,-6.8167669052
16.6738,-6.8277384098
16.7321,-6.8386872537
16.7904,-6.849583975
16.8487,-6.8604642497
16.907,-6.871323772
16.9653,-6.882148734
17.0236,-6.892944224
17.0819,-6.9037503432
17.1402,-6.9145069678
17.1985,-6.9252230706
17.2568,-6.9359593757
17.3151,-6.9466647098
17.3734,-6.9573410127
17.4317,-6.9680010471
17.49,-6.9786166475
17.5483,-6.9892197483
17.6066,-6.9998193945
17.6649,-7.0103430335
17.7232,-7.0208235629
17.7815,-7.0313050806
17.8398,-7.0417039453
17.8981,-7.0520941931
17.9564,-7.0624757992
18.0147,-7.072814412
18.073,-7.0831137206
18.1313,-7.0933860291
18.1896,-7.1036080567
18.2479,-7.1138598664
18.3062,-7.1240308309
18.3645,-7.1341733313
18.4228,-7.1443019923
18.4811,-7.1544540573
18.5394,-7.1646032452
18.5977,-7.1747252709
18.656,-7.1848158404
18.7143,-7.1949020791
18.7726,-7.2049439676
18.8309,-7.2150015579
18.8892,-7.2250081092
18.9475,-7.235021426
19.0058,-7.2449900813
19.0641,-7.2549360754
19.1224,-7.2648116495
19.1807,-7.2746706316
19.239,-7.2844419371
19.2973,-7.2942205827
19.3556,-7.3039608951
19.4139,-7.3137034028
19.4722,-7.3233624206
19.5305,-7.3330045806
19.5888,-7.3425930813
19.6471,-7.3521323025
19.7054,-7.3616796752
19.7637,-7.3711592623
19.822,-7.3806211127
19.8803,-7.3900504169
19.9386,-7.3994920711
19.9969,-7.408865033
20.0552,-7.4182326608
20.1135,-7.4275161514
20.1718,-7.4368504357
20.2301,-7.4460855044
20.2884,-7.4553605029
20.3467,-7.4645516135
20.405,-7.4737815378
20.4633,-7.4829346842
20.5216,-7.4921040237
20.5799,-7.5012300412
20.6382,-7.5103503209
20.6965,-7.5193680262
20.7548,-7.5283953758
20.8131,-7.5373399594
20.8714,-7.546304392
20.9297,-7.5551819909
20.988,-7.5640597418
21.0463,-7.5728982059
21.1046,-7.5817685778
21.1629,-7.5905334241
21.2212,-7.5993379862
21.2795,-7.6080463176
21.3378,-7.6167423272
21.3961,-7.625362491
21.4544,-7.6339765033
21.5127,-7.6424515786
21.571,-7.6510170617
21.6293,-7.6594661481
21.6876,-7.6679494592
21.7459,-7.6763254119
21.8042,-7.6846833729
21.8625,-7.6929317805
21.9208,-7.7011917043
21.9791,-7.7092757655
22.0374,-7.7174143938
22.0957,-7.7254746224
22.154,-7.7335391739
22.2123,-7.7415148998
22.2706,-7.7494976026
22.3289,-7.7573674934
22.3872,-7.7652587967
22.4455,-7.7731196124
22.5038,-7.7809213609
22.5621,-7.7886901088
22.6204,-7.7964290931
22.6787,-7.8040772284
22.737,-7.8116897405
22.7953,-7.8192986488
22.8536,-7.8269374214
22.9119,-7.8344958978
22.9702,-7.8419839899
23.0285,-7.8494376007
23.0868,-7.8568551954
23.1451,-7.8642442963
23.2034,-7.8715358532
23.2617,-7.8788377453
23.32,-7.8861019698
23.3783,-7.8932982964
23.4366,-7.9004527644
23.4949,-7.90759328
23.5532,-7.9146511925
23.6115,-7.9216880514
23.6698,-7.9286710533
23.7281,-7.9356405467
23.7864,-7.9425892763
23.8447,-7.9495055639
23.903,-7.9564054206
23.9613,-7.9633361015
24.0196,-7.9701042646
24.0779,-7.9768525598
24.1362,-7.9834996029
24.1945,-7.9901477125
24.2528,-7.9967311555
24.3111,-8.0032702778
24.3694,-8.0098084037
24.4277,-8.0162653165
24.486,-8.0227423608
24.5443,-8.0291447575
24.6026,-8.0354787661
24.6609,-8.0417887314
24.7192,-8.048040279
24.7775,-8.0542617999
24.8358,-8.0603786018
24.8941,-8.0665220243
24.9524,-8.0725828389
25.0107,-8.0786116676
25.069,-8.0845962792
25.1273,-8.0905268633
25.1856,-8.0963986637
25.2439,-8.1021890591
25.3022,-8.1080484937
25.3605,-8.1137260284
25.4188,-8.1193108347
25.4771,-8.1248533828
25.5354,-8.1303623073
25.5937,-8.1357998965
25.652,-8.1411444406
25.7103,-8.146438064
25.7686,-8.1516708986
25.8269,-8.156815768
25.8852,-8.161934953
25.9435,-8.166942782
26.0018,-8.171856058
26.0601,-8.1767545582
26.1184,-8.1816048076
26.1767,-8.1863974444
26.235,-8.1910504111
26.2933,-8.1957042907
26.3516,-8.2002757944
26.4099,-8.2048244016
26.4682,-8.2093184688
26.5265,-8.2138134203
26.5848,-8.2181418082
26.6431,-8.2225519365
26.7014,-8.2268969396
26.7597,-8.2312047472
26.818,-8.2354004425
26.8763,-8.2396034884
26.9346,-8.2438090257
26.9929,-8.2478620071
27.0512,-8.2520177448
27.1095,-8.2559717067
27.1678,-8.2599983433
27.2261,-8.2639652161
27.2844,-8.2679411635
27.3427,-8.271894316
27.401,-8.2758402949
27.4593,-8.2798007604
27.5176,-8.2837007598
27.5759,-8.2876750416
27.6342,-8.2915232604
27.6925,-8.2953957339
27.7508,-8.2989918012
27.8091,-8.302628077
27.8674,-8.3062207601
27.9257,-8.309834181
27.984,-8.3133565188
28.0423,-8.3168969971
28.1006,-8.3203624309
28.1589,-8.3238435004
28.2172,-8.327135443
28.2755,-8.3303959518
28.3338,-8.3335615374
28.3921,-8.3366479082
28.4504,-8.3397762634
28.5087,-8.342787933
28.567,-8.3458992455
28.6253,-8.3489733483
28.6836,-8.3519713134
28.7419,-8.3549583423
28.8002,-8.357956743
28.8585,-8.3608694367
28.9168,-8.3638742584
28.9751,-8.3667500466
29.0334,-8.3695286588
29.0917,-8.3722769765
29.15,-8.3750571348
29.2083,-8.3777384207
29.2666,-8.3805407427
29.3249,-8.383241899
29.3832,-8.3860006113
29.4415,-8.3885845783
29.4998,-8.3913322947
29.5581,-8.3939855778
29.6164,-8.3967228441
29.6747,-8.399289253
29.733,-8.401897332
29.7913,-8.4044276119
29.8496,-8.4068289393
29.9079,-8.4090959644
29.9662,-8.4112484439
30.0245,-8.4134242947
30.0828,-8.4155219243
30.1411,-8.417634803
30.1994,-8.4195950654
30.2577,-8.4215233223
30.316,-8.4233988766
30.3743,-8.4253822835
30.4326,-8.4273268607
30.4909,-8.429083623
30.5492,-8.4308513317
30.6075,-8.4325613529
30.6658,-8.4341605087
30.7241,-8.4356909704
30.7824,-8.437115822
30.8407,-8.4384683328
30.899,-8.439871526
30.9573,-8.4412984874
31.0156,-8.4426580113
31.0739,-8.4439327158
31.1322,-8.4450657656
31.1905,-8.4462063354
31.2488,-8.4473143894
31.3071,-8.4483470317
31.3654,-8.4492461493
31.4237,-8.4501528304
31.482,-8.4510909271
31.5403,-8.4519517602
31.5986,-8.4528422999
31.6569,-8.4538608382
31.7152,-8.4547508752
31.7735,-8.4555992717
31.8318,-8.456296047
31.8901,-8.4570099645
31.9484,-8.4577693372
32.0067,-8.4584664498
32.065,-8.4591855908
32.1233,-8.4598509373
32.1816,-8.4605557714
32.2399,-8.4609567346
32.2982,-8.4612803895
32.3565,-8.4616559431
32.4148,-8.4618393158
32.4731,-8.4619705274
32.5314,-8.4620751354
32.5897,-8.462112667
32.648,-8.4621433349
32.7063,-8.4619941796
32.7646,-8.4617623258
32.8229,-8.4615003947
32.8812,-8.4614055615
32.9395,-8.460980031
32.9978,-8.460767149
33.0561,-8.4603065136
33.1144,-8.4599636113
33.1727,-8.4593672233
33.231,-8.4588764214
33.2893,-8.4582688399
33.3476,-8.4575602374
33.4059,-8.456817437
33.4642,-8.4560129805
33.5225,-8.4551579237
33.5808,-8.4543446274
33.6391,-8.4532072875
33.6974,-8.452238562
33.7557,-8.4511976304
33.814,-8.4502114264
33.8723,-8.4490264687
33.9306,-8.4479697378
33.9889,-8.4467296768
34.0472,-8.4455243529
34.1055,-8.4441663359
34.1638,-8.4427352639
34.2221,-8.4413909854
34.2804,-8.4398354338
34.3387,-8.4383525874
34.397,-8.4368542463
34.4553,-8.4351237223
34.5136,-8.4334896014
34.5719,-8.431713317
34.6302,-8.4300171396
34.6885,-8.4280845062
34.7468,-8.426153146
34.8051,-8.4243535281
34.8634,-8.4223563584
34.9217,-8.4202724711
34.98,-8.4181555012
35.0383,-8.4160534249
35.0966,-8.4138143011
35.1549,-8.4114993139
35.2132,-8.409417461
35.2715,-8.4071376655
35.3298,-8.4049068861
35.3881,-8.402616336
35.4464,-8.4001737124
35.5047,-8.3977059574
35.563,-8.3952806007
35.6213,-8.3924734085
35.6796,-8.3898174194
35.7379,-8.3869030675
35.7962,-8.3840278763
35.8545,-8.3809607568
35.9128,-8.3779414802
35.9711,-8.3748528043
36.0294,-8.3716475248
36.0877,-8.3683498883
36.146,-8.3649422447
36.2043,-8.3616290322
36.2626,-8.3583351471
36.3209,-8.354872971
36.3792,-8.3512603068
36.4375,-8.3475587461
36.4958,-8.3437517057
36.5541,-8.3399501474
36.6124,-8.3360413823
36.6707,-8.3320151405
36.729,-8.3279024857
36.7873,-8.3238274349
36.8456,-8.3198273797
36.9039,-8.315686987
36.9622,-8.3116276636
37.0205,-8.3073088859
37.0788,-8.3032296818
37.1371,-8.2990421202
37.1954,-8.2947594352
37.2537,-8.2906447344
37.312,-8.2866039307
37.3703,-8.2827492254
37.4286,-8.2790336477
37.4869,-8.2751643647
37.5452,-8.2715192709
37.6035,-8.2677323074
37.6618,-8.2641979258
37.7201,-8.2607077017
37.7784,-8.2572964389
37.8367,-8.2538706135
37.895,-8.250547398
37.9533,-8.2474097115
38.0116,-8.2442439496
38.0699,-8.2412647056
38.1282,-8.2381108004
38.1865,-8.2350177885
38.2448,-8.2318614071
38.3031,-8.2289626045
38.3614,-8.2260955482
38.4197,-8.223278783
38.478,-8.2204517221
38.5363,-8.2176205574
38.5946,-8.2150229111
38.6529,-8.212224643
38.7112,-8.2095711593
38.7695,-8.2069632264
38.8278,-8.2044653161
38.8861,-8.2019318416
38.9444,-8.1993782305
39.0027,-8.1967473424
39.061,-8.1941542212
39.1193,-8.1915322315
39.1776,-8.1892138198
39.2359,-8.186826026
39.2942,-8.1843779962
39.3525,-8.1818683431
39.4108,-8.1796364026
39.4691,-8.1773574034
39.5274,-8.1751019801
39.5857,-8.1729249227
39.644,-8.1707481115
39.7023,-8.1685811114
39.7606,-8.1667712662
39.8189,-8.1647173645
39.8772,-8.1628773266
39.9355,-8.1611181825
39.9938,-8.1592788837
40.0521,-8.1575844577
40.1104,-8.1560659322
40.1687,-8.1544613597
40.227,-8.1531336671
40.2853,-8.1516036883
40.3436,-8.150158145
40.4019,-8.1487646518
40.4602,-8.1475195731
40.5185,-8.1461654611
40.5768,-8.1449980962
40.6351,-8.1438315064
40.6934,-8.1429153151
40.7517,-8.1420485157
40.81,-8.1411407472
40.8683,-8.1403957348
40.9266,-8.1396264333
40.9849,-8.1388952094
41.0432,-8.1381408881
41.1015,-8.1375873948
41.1598,-8.1369414021
41.2181,-8.136413262
41.2764,-8.1358859716
41.3347,-8.1355598067
41.393,-8.1351520925
41.4513,-8.1347414516
41.5096,-8.1344791465
41.5679,-8.1342929347
41.6262,-8.1341877499
41.6845,-8.1342655653
41.7428,-8.1343453816
41.8011,-8.1343955539
41.8594,-8.1346503251
41.9177,-8.1348216519
41.976,-8.1350103766
42.0343,-8.1352077214
42.0926,-8.1354685617
42.1509,-8.1356486969
42.2092,-8.1360018521
42.2675,-8.1363816635
42.3258,-8.1367524553
42.3841,-8.1372175542
42.4424,-8.1376780701
42.5007,-8.138051675
42.559,-8.1386460799
42.6173,-8.1393334678
42.6756,-8.1400202161
42.7339,-8.1406422532
42.7922,-8.1414389169
42.8505,-8.1420225982
42.9088,-8.1428446473
42.9671,-8.1435257217
43.0254,-8.1443979583
43.0837,-8.1451733693
43.142,-8.1459989651
43.2003,-8.1468888528
43.2586,-8.1479842824
43.3169,-8.1488543901
43.3752,-8.1497895536
43.4335,-8.1508246869
43.4918,-8.151991801
43.5501,-8.1530874087
43.6084,-8.1543740231
43.6667,-8.155671246
43.725,-8.1568896378
43.7833,-8.1580692278
43.8416,-8.1592206734
43.8999,-8.1603748677
43.9582,-8.161758229
44.0165,-8.1630722842
44.0748,-8.1643371707
44.1331,-8.1656787966
44.1914,-8.167061824
44.2497,-8.1684157973
44.308,-8.1698664336
44.3663,-8.1713679907
44.4246,-8.1728650545
44.4829,-8.1743248649
44.5412,-8.1758534167
44.5995,-8.1775309624
44.6578,-8.1790451241
44.7161,-8.180554741
44.7744,-8.1820378447
44.8327,-8.1836376298
44.891,-8.185300706
44.9493,-8.1869606839
45.0076,-8.1886368932
45.0659,-8.1901612221
45.1242,-8.1917831347
45.1825,-8.1932835918
45.2408,-8.1949644601
45.2991,-8.1967009397
45.3574,-8.1983374381
45.4157,-8.2000014915
45.474,-8.2017149176
45.5323,-8.2034028803
45.5906,-8.2052100839
45.6489,-8.2070035289
45.7072,-8.2087883109
45.7655,-8.2106766718
45.8238,-8.2126172401
45.8821,-8.2144500547
45.9404,-8.2163516532
45.9987,-8.218365854
46.057,-8.2204068477
46.1153,-8.2223340179
46.1736,-8.2242344718
46.2319,-8.2261110193
46.2902,-8.2280397046
46.3485,-8.2299334184
46.4068,-8.2319012902
46.4651,-8.233870867
46.5234,-8.2357874942
46.5817,-8.2378107429
46.64,-8.2396150278
46.6983,-8.2413738137
46.7566,-8.2430885249
46.8149,-8.2448924218
46.8732,-8.2466821042
46.9315,-8.2483256636
46.9898,-8.2500003884
47.0481,-8.251591026
47.1064,-8.2533316755
47.1647,-8.255050611
47.223,-8.2570099758
47.2813,-8.258797535
47.3396,-8.2606827192
47.3979,-8.2624323639
47.4562,-8.2641882229
47.5145,-8.2658904438
47.5728,-8.2676565531
47.6311,-8.2694544612
47.6894,-8.2712785988
47.7477,-8.2729849994
47.806,-8.2748726825
47.8643,-8.276720737
47.9226,-8.2784753711
47.9809,-8.2802581425
48.0392,-8.2820482066
48.0975,-8.2839030468
48.1558,-8.2856528169
48.2141,-8.2873562904
48.2724,-8.2890961325
48.3307,-8.2908323953
48.389,-8.2925471442
48.4473,-8.2942699606
48.5056,-8.2959827961
48.5639,-8.2978658602
48.6222,-8.2995535903
48.6805,-8.3012382277
48.7388,-8.3029819402
48.7971,-8.304523344
48.8554,-8.3061636982
48.9137,-8.3076790571
48.972,-8.3093194164
49.0303,-8.3110032289
49.0886,-8.3124748275
49.1469,-8.3140169156
49.2052,-8.315482929
49.2635,-8.3170575723
49.3218,-8.3186060191
49.3801,-8.3201310706
49.4384,-8.321657029
49.4967,-8.323010355
49.555,-8.3245294951
49.6133,-8.3259107786
49.6716,-8.3273194028
49.7299,-8.3287790454
49.7882,-8.330322914
49.8465,-8.3316203063
49.9048,-8.3329228679
49.9631,-8.3341248109
50.0214,-8.3353679238
50.0797,-8.3365013887
50.138,-8.3378232948
50.1963,-8.3389524179
50.2546,-8.3402232182
50.3129,-8.3414594632
50.3712,-8.3426549342
50.4295,-8.3438185529
50.4878,-8.3450228193
50.5461,-8.3462649986
50.6044,-8.347514778
50.6627,-8.3486472184
50.721,-8.349799642
50.7793,-8.3508378411
50.8376,-8.3519888614
50.8959,-8.3529196998
50.9542,-8.3539159684
51.0125,-8.3549360267
51.0708,-8.356002412
51.1291,-8.3570921226
51.1874,-8.3581649375
51.2457,-8.3592375799
51.304,-8.3601641553
51.3623,-8.3609751143
51.4206,-8.3619524624
51.4789,-8.3628224919
51.5372,-8.3637022066
51.5955,-8.3644770099
51.6538,-8.3652944694
51.7121,-8.3659559674
51.7704,-8.3665893263
51.8287,-8.3671300866
51.887,-8.3676279202
51.9453,-8.3680041031
52.0036,-8.3685181342
52.0619,-8.3690912994
52.1202,-8.3696360714
52.1785,-8.3701206478
52.2368,-8.370645195
52.2951,-8.3711796436
52.3534,-8.3717338556
52.4117,-8.3722071949
52.47,-8.3727421051
52.5283,-8.3732088418
52.5866,-8.3736696099
52.6449,-8.3740870936
52.7032,-8.3745142697
52.7615,-8.3750233121
52.8198,-8.3754807912
52.8781,-8.3758788906
52.9364,-8.3762309003
52.9947,-8.3766266197
53.053,-8.3771455295
53.1113,-8.3776071076
53.1696,-8.3780614309
53.2279,-8.3783170508
53.2862,-8.3785322744
53.3445,-8.378822244
53.4028,-8.3792189829
53.4611,-8.3795012275
53.5194,-8.3798960762
53.5777,-8.3802916684
53.636,-8.3805837451
53.6943,-8.3809534891
53.7526,-8.3813446007
53.8109,-8.3816275856
53.8692,-8.3818874267
53.9275,-8.3821233666
53.9858,-8.3823114792
54.0441,-8.3824866645
54.1024,-8.3827305831
54.1607,-8.382966234
54.219,-8.3832405724
54.2773,-8.383530255
54.3356,-8.3838213154
54.3939,-8.3841245387
54.4522,-8.3842032207
54.5105,-8.3844382917
54.5688,-8.3845698549
54.6271,-8.3847529169
54.6854,-8.3848830154
54.7437,-8.384815826
54.802,-8.3848396529
54.8603,-8.3848526549
54.9186,-8.3848968138
54.9769,-8.3849117648
55.0352,-8.3849722343
55.0935,-8.3848368137
55.1518,-8.3847266302
55.2101,-8.3846872186
55.2684,-8.3845865427
55.3267,-8.3844408258
55.385,-8.3843406446
55.4433,-8.3842293549
55.5016,-8.384153581
55.5599,-8.3841203252
55.6182,-8.3842475821
55.6765,-8.3842919121
55.7348,-8.3843494921
55.7931,-8.3843562693
55.8514,-8.3844962135
55.9097,-8.3846830907
55.968,-8.3848711163
56.0263,-8.3849281995
56.0846,-8.3850319269
56.1429,-8.3850105331
56.2012,-8.3851053387
56.2595,-8.3849991952
56.3178,-8.3850564731
56.3761,-8.3850123655
56.4344,-8.3850281346
56.4927,-8.3849071145
56.551,-8.384937115
56.6093,-8.3849048929
56.6676,-8.3849598045
56.7259,-8.3849066523
56.7842,-8.3847539851
56.8425,-8.3846889085
56.9008,-8.3845432309
56.9591,-8.3844029336
57.0174,-8.384160206
57.0757,-8.3839276017
57.134,-8.3836702627
57.1923,-8.3835524201
57.2506,-8.3833481118
57.3089,-8.3830221328
57.3672,-8.3828279014
57.4255,-8.3825509795
57.4838,-8.3823014823
57.5421,-8.3820371101
57.6004,-8.3818990102
57.6587,-8.3816035904
57.717,-8.3813960249
57.7753,-8.3811415121
57.8336,-8.3809156334
57.8919,-8.380697387
57.9502,-8.3806627773
58.0085,-8.3804390243
58.0668,-8.3802079697
58.1251,-8.3799362128
58.1834,-8.3797165298
58.2417,-8.3792561435
58.3,-8.3790738792
58.3583,-8.3788105695
58.4166,-8.378563593
58.4749,-8.3783681284
58.5332,-8.3782115505
58.5915,-8.3781436358
58.6498,-8.3780710642
58.7081,-8.378022779
58.7664,-8.3780573235
58.8247,-8.3781124651
58.883,-8.3780535369
58.9413,-8.378011689
58.9996,-8.377952507
59.0579,-8.3778876656
59.1162,-8.3779410099
59.1745,-8.3780318015
59.2328,-8.3780978206
59.2911,-8.3781822085
59.3494,-8.3781792668
59.4077,-8.3781562724
59.466,-8.3780796264
59.5243,-8.3779043108
59.5826,-8.3778903624
59.6409,-8.3777567752
59.6992,-8.3778830508
59.7575,-8.3779180464
59.8158,-8.3779124221
59.8741,-8.3778975433
59.9324,-8.3779372491
59.9907,-8.3779135506
60.049,-8.3779105524
60.1073,-8.3778695352
60.1656,-8.3778454729
60.2239,-8.3779231427
60.2822,-8.3779604511
60.3405,-8.3779287425
60.3988,-8.3779973462
60.4571,-8.3780706141
60.5154,-8.3782617321
60.5737,-8.3783426607
60.632,-8.3784775734
60.6903,-8.3787242304
60.7486,-8.3790262228
60.8069,-8.3792816647
60.8652,-8.3796130727
60.9235,-8.380029468
60.9818,-8.3804157833
61.0401,-8.3808510526
61.0984,-8.3812341459
61.1567,-8.3816254368
61.215,-8.3819864564
61.2733,-8.3822440056
61.3316,-8.382701121
61.3899,-8.3830651586
61.4482,-8.3836187995
61.5065,-8.3840317574
61.5648,-8.3845502183
61.6231,-8.3848576542
61.6814,-8.3853066675
61.7397,-8.385826198
61.798,-8.3862664106
61.8563,-8.3867851652
61.9146,-8.3873165662
61.9729,-8.3876417453
62.0312,-8.3879135914
62.0895,-8.3883909421
62.1478,-8.3888276915
62.2061,-8.3891868243
62.2644,-8.3895441683
62.3227,-8.3899440903
62.381,-8.3903771772
62.4393,-8.3907080475
62.4976,-8.3910998534
62.5559,-8.3916594687
62.6142,-8.3922152806
62.6725,-8.3925055124
62.7308,-8.3929903449
62.7891,-8.3934981668
62.8474,-8.3939425611
62.9057,-8.3944609036
62.964,-8.3950616494
63.0223,-8.395594935
63.0806,-8.396301804
63.1389,-8.3968758413
63.1972,-8.3975937041
63.2555,-8.3982720656
63.3138,-8.3990801201
63.3721,-8.3998371435
63.4304,-8.4007816929
63.4887,-8.4016240194
63.547,-8.4024755384
63.6053,-8.4032457447
63.6636,-8.40421705
63.7219,-8.4053094209
63.7802,-8.406371853
63.8385,-8.4074267062
63.8968,-8.4085642713
63.9551,-8.409578345
64.0134,-8.4105739114
64.0717,-8.4116736577
64.13,-8.4129002266
64.1883,-8.413969186
64.2466,-8.4151445649
64.3049,-8.4160599465
64.3632,-8.4171121354
64.4215,-8.4182083637
64.4798,-8.4192848412
64.5381,-8.4203419879
64.5964,-8.4215604223
64.6547,-8.4224325618
64.713,-8.4235650462
64.7713,-8.4246368
64.8296,-8.4258609164
64.8879,-8.4269436785
64.9462,-8.4282384682
65.0045,-8.4293364965
65.0628,-8.4307226215
65.1211,-8.432025698
65.1794,-8.4333421708
65.2377,-8.4346136434
65.296,-8.4360435668
65.3543,-8.4373364373
65.4126,-8.4388901404
65.4709,-8.4402471035
65.5292,-8.4418560632
65.5875,-8.4433429296
65.6458,-8.4449647131
65.7041,-8.4463829616
65.7624,-8.447978425
65.8207,-8.4494980634
65.879,-8.4511605381
65.9373,-8.4526489475
65.9956,-8.4542429918
66.0539,-8.4559298131
66.1122,-8.4575693795
66.1705,-8.4591753643
66.2288,-8.46075806
66.2871,-8.4623299758
66.3454,-8.4640753896
66.4037,-8.4656057545
66.462,-8.4672848867
66.5203,-8.4688282944
66.5786,-8.4703943095
66.6369,-8.4720255219
66.6952,-8.4736068864
66.7535,-8.4752750284
66.8118,-8.4768927775
66.8701,-8.4785727761
66.9284,-8.4802554995
66.9867,-8.4819784504
67.045,-8.4838271523
67.1033,-8.4855609385
67.1616,-8.4874182171
67.2199,-8.4891771312
67.2782,-8.4910613566
67.3365,-8.4928994459
67.3948,-8.4949632108
67.4531,-8.4969255704
67.5114,-8.4990115395
67.5697,-8.5010512426
67.628,-8.5030747159
67.6863,-8.5051889304
67.7446,-8.5074756857
67.8029,-8.5096206878
67.8612,-8.5118577179
67.9195,-8.5140174975
67.9778,-8.5161917095
68.0361,-8.5182154398
68.0944,-8.5203629401
68.1527,-8.5226626129
68.211,-8.5250989731
68.2693,-8.5273187195
68.3276,-8.5295494449
68.3859,-8.5319025294
68.4442,-8.534012259
68.5025,-8.5361335517
68.5608,-8.5384076814
68.6191,-8.5405561719
68.6774,-8.542776962
68.7357,-8.5451301833
68.794,-8.5473876404
68.8523,-8.5497101572
68.9106,-8.5520249983
68.9689,-8.5544290585
69.0272,-8.5567201817
69.0855,-8.5589365398
69.1438,-8.5611606479
69.2021,-8.5636115854
69.2604,-8.566008349
69.3187,-8.5684568316
69.377,-8.5709230872
69.4353,-8.5734967178
69.4936,-8.5760595831
69.5519,-8.5784726771
69.6102,-8.5809210417
69.6685,-8.5832636812
69.7268,-8.5857460203
69.7851,-8.5881360767
69.8434,-8.5906501898
69.9017,-8.5931153321
69.96,-8.5957330394
70.0183,-8.598302978
70.0766,-8.600995232
70.1349,-8.6035659004
70.1932,-8.6061984691
70.2515,-8.6087831467
70.3098,-8.6114599042
70.3681,-8.6139758927
70.4264,-8.6165476935
70.4847,-8.6191327444
70.543,-8.6219038697
70.6013,-8.6245406479
70.6596,-8.6272535409
70.7179,-8.6298746624
70.7762,-8.6327052283
70.8345,-8.6353052792
70.8928,-8.6379479823
70.9511,-8.6405521024
71.0094,-8.6432908718
71.0677,-8.6457704902
71.126,-8.6483472165
71.1843,-8.6509040052
71.2426,-8.6534192784
71.3009,-8.6558636674
71.3592,-8.6585438041
71.4175,-8.6612066921
71.4758,-8.6639160973
71.5341,-8.6663873338
71.5924,-8.6690333642
71.6507,-8.6716914862
71.709,-8.6742953
71.7673,-8.6769291268
71.8256,-8.679580545
71.8839,-8.6821549346
71.9422,-8.684794823
72.0005,-8.6874979243
72.0588,-8.6901343928
72.1171,-8.692701622
72.1754,-8.6952085513
72.2337,-8.6978156072
72.292,-8.7004162568
72.3503,-8.7028320783
72.4086,-8.7054783142
72.4669,-8.7082054099
72.5252,-8.7109176533
72.5835,-8.7136630301
72.6418,-8.7163680027
72.7001,-8.7189702891
72.7584,-8.7214403582
72.8167,-8.7242109193
72.875,-8.7269401336
72.9333,-8.7295756453
72.9916,-8.7321657912
73.0499,-8.7347763716
73.1082,-8.737561081
73.1665,-8.7402319577
73.2248,-8.7430662777
73.2831,-8.7458975699
73.3414,-8.7488459005
73.3997,-8.7516946316
73.458,-8.754556147
73.5163,-8.7572691895
73.5746,-8.7599948423
73.6329,-8.7626289073
73.6912,-8.7653155251
73.7495,-8.7678817161
73.8078,-8.770629354
73.8661,-8.7732763537
73.9244,-8.7759716519
73.9827,-8.7785567204
74.041,-8.7811443219
74.08,-8.7836843778
74.0993,-8.7836843778
74.1576,-8.7862227361
74.2159,-8.7884699293
74.2742,-8.7907930884
74.3325,-8.7931173203
74.3908,-8.7954046325
74.4491,-8.7977104991
74.5074,-8.8000671485
74.5657,-8.8023728108
74.624,-8.8047713306
74.6823,-8.807163612
74.7406,-8.8094674605
74.7989,-8.8117631163
74.8572,-8.8140839026
74.9155,-8.8164061812
74.9738,-8.8188765149
75.0321,-8.82130774
75.0904,-8.8239423668
75.1487,-8.8264437354
75.207,-8.8292113801
75.2653,-8.8317494679
75.3236,-8.8343971069
75.3819,-8.8369638986
75.4402,-8.8394710798
75.4985,-8.8419918896
75.5568,-8.8445224273
75.6151,-8.8470554239
75.6734,-8.8496186511
75.7317,-8.8522162337
75.79,-8.8548288424
75.8483,-8.8573728185
75.9066,-8.8599480295
75.9649,-8.8625625008
76.0232,-8.8650151107
76.0815,-8.8673971135
76.1398,-8.8698767401
76.1981,-8.8723717838
76.2564,-8.8747512469
76.3147,-8.8770374206
76.373,-8.8795229691
76.4313,-8.8819339793
76.4896,-8.8841675693
76.5479,-8.886403147
76.6062,-8.8887125847
76.6645,-8.8910386567
76.7228,-8.8932258117
76.7811,-8.8953234071
76.8394,-8.8974445219
76.8977,-8.8996320924
76.956,-8.9017889205
77.0143,-8.9038146799
77.0726,-8.9057042107
77.1309,-8.9076544117
77.1892,-8.9097648721
77.2475,-8.9118612854
77.3058,-8.9140672574
77.3641,-8.9160539109
77.4224,-8.9180367279
77.4807,-8.9199098441
77.539,-8.9219336272
77.5973,-8.9238582019
77.6556,-8.9257331416
77.7139,-8.9275472694
77.7722,-8.9294495737
77.8305,-8.9314413912
77.8888,-8.9334289922
77.9471,-8.9354486068
78.0054,-8.9374807175
78.0637,-8.9394154134
78.122,-8.941160486
78.1803,-8.9430530404
78.2386,-8.9450199815
78.2969,-8.9469217289
78.3552,-8.9488996956
78.4135,-8.9509198788
78.4718,-8.9529990707
78.5301,-8.9549540257
78.5884,-8.9569843471
78.6467,-8.9587095177
78.705,-8.9606535273
78.7633,-8.9623613586
78.8216,-8.9641854544
78.8799,-8.9658253725
78.9382,-8.9676001084
78.9965,-8.9692692865
79.0548,-8.9709485431
79.1131,-8.9724396088
79.1714,-8.9740763619
79.2297,-8.9755155111
79.288,-8.9771295882
79.3463,-8.9785757896
79.4046,-8.980194964
79.4629,-8.9817263899
79.5212,-8.9833750528
79.5795,-8.9850812619
79.6378,-8.9866684687
79.6961,-8.9882103004
79.7544,-8.9896741636
79.8127,-8.991329908
79.871,-8.992959671
79.9293,-8.9945521783
79.9876,-8.9962487252
80.0459,-8.9978491903
80.1042,-8.9995097683
80.1625,-9.0010916694
80.2208,-9.0027130242
80.2791,-9.0043389919
80.3374,-9.0060413934
80.3957,-9.0075319161
80.454,-9.0091951953
80.5123,-9.0106764574
80.5706,-9.0120870951
80.6289,-9.0134256927
80.6872,-9.014933358
80.7455,-9.0162850385
80.8038,-9.0175743947
80.8621,-9.018773238
80.9204,-9.0199143182
80.9787,-9.0210013442
81.037,-9.0223004624
81.0953,-9.0234227116
81.1536,-9.0245370472
81.2119,-9.0255800327
81.2702,-9.0266096672
81.3285,-9.0275852425
81.3868,-9.0285968574
81.4451,-9.0295108839
81.5034,-9.0303844792
81.5617,-9.0312631417
81.62,-9.0322768124
81.6783,-9.0331318894
81.7366,-9.0341276355
81.7949,-9.0350241502
81.8532,-9.0360307164
81.9115,-9.0369140173
81.9698,-9.0378878056
82.0281,-9.0388483498
82.0864,-9.0398712832
82.1447,-9.04089875
82.203,-9.0421042958
82.2613,-9.0432473882
82.3196,-9.0444502198
82.3779,-9.0454884517
82.4362,-9.046703954
82.4945,-9.0477349816
82.5528,-9.0489628173
82.6111,-9.049939778
82.6694,-9.0510203801
82.7277,-9.0518889241
82.786,-9.0528943521
82.8443,-9.0537330193
82.9026,-9.054637959
82.9609,-9.0555044311
83.0192,-9.0563711833
83.0775,-9.0571550418
83.1358,-9.0580851498
83.1941,-9.0589227813
83.2524,-9.0597402901
83.3107,-9.0604073195
83.369,-9.0612979054
83.4273,-9.0620121445
83.4856,-9.0627731215
83.5439,-9.0635046324
83.6022,-9.0643755976
83.6605,-9.0650812506
83.7188,-9.0658697576
83.7771,-9.0664562856
83.8354,-9.0670652734
83.8937,-9.0675298411
83.952,-9.0680749038
84.0103,-9.068620007
84.0686,-9.0692288489
84.1269,-9.0697820319
84.1852,-9.0705906759
84.2435,-9.0714459775
84.3018,-9.0722345459
84.3601,-9.0729935172
84.4184,-9.0738344091
84.4767,-9.0745054951
84.535,-9.0752416293
84.5933,-9.0758082391
84.6516,-9.0763609145
84.7099,-9.0769062739
84.7682,-9.0773757673
84.8265,-9.0778564887
84.8848,-9.0783649409
84.9431,-9.0788017894
85.0014,-9.0792922919
85.0597,-9.0796976499
85.118,-9.0802691584
85.1763,-9.0807327441
85.2346,-9.0811896567
85.2929,-9.0813847805
85.3512,-9.081477339
85.4095,-9.081768533
85.4678,-9.0820821645
85.5261,-9.0823566903
85.5844,-9.082687123
85.6427,-9.0829292127
85.701,-9.0833363741
85.7593,-9.083557923
85.8176,-9.0839005078
85.8759,-9.0841416191
85.9342,-9.0845553083
85.9925,-9.0847658057
86.0508,-9.0850719505
86.1091,-9.0853258462
86.1674,-9.0856368856
86.2257,-9.0858854731
86.284,-9.0862064849
86.3423,-9.0864226709
86.4006,-9.0867846762
86.4589,-9.0870774949
86.5172,-9.0873501538
86.5755,-9.08742144
86.6338,-9.0875537321
86.6921,-9.0877317009
86.7504,-9.0879812042
86.8087,-9.0881633937
86.867,-9.0884388615
86.9253,-9.0888672566
86.9836,-9.0892294558
87.0419,-9.089389764
87.1002,-9.0896866967
87.1585,-9.0899345414
87.2168,-9.0902837959
87.2751,-9.0904282757
87.3334,-9.0906762969
87.3917,-9.0907054067
87.45,-9.0909400053
87.5083,-9.0909229626
87.5666,-9.0909876316
87.6249,-9.0910984641
87.6832,-9.091196985
87.7415,-9.0911424418
87.7998,-9.0912637071
87.8581,-9.091329482
87.9164,-9.0914251921
87.9747,-9.0914852802
88.033,-9.0916179523
88.0913,-9.0915463571
88.1496,-9.0916094348
88.2079,-9.0916334335
88.2662,-9.0917028727
88.3245,-9.0915547386
88.3828,-9.0914034577
88.4411,-9.0914999011
88.4994,-9.091598678
88.5577,-9.0917220543
88.616,-9.0916935418
88.6743,-9.091961123
88.7326,-9.0919797892
88.7909,-9.0920643296
88.8492,-9.0922531151
88.9075,-9.0925166567
88.9658,-9.0924768327
89.0241,-9.0924820921
89.0824,-9.0925760616
89.1407,-9.0926758309
89.199,-9.0929127167
89.2573,-9.0931031016
89.3156,-9.093181878
89.3739,-9.0932775051
89.4322,-9.0935480691
89.4905,-9.0938590886
89.5488,-9.0941932297
89.6071,-9.0943695408
89.6654,-9.0944988786
89.7237,-9.0947947549
89.782,-9.0948219525
89.8403,-9.0948304116
89.8986,-9.0948131919
89.9569,-9.094763931
90.0152,-9.0945946404
90.0735,-9.0944951204
90.1318,-9.0945488703
90.1901,-9.0944259317
90.2484,-9.0943836468
90.3067,-9.0942374025
90.365,-9.0942672764
90.4233,-9.094192127
90.4816,-9.0944212095
90.5399,-9.0944665711
90.5982,-9.0946598346
90.6565,-9.0946990802
90.7148,-9.0949314053
90.7731,-9.0950929922
90.8314,-9.0953765779
90.8897,-9.0955258379
90.948,-9.0955701649
91.0063,-9.0957057432
91.0646,-9.0958369081
91.1229,-9.0959507122
91.1812,-9.0962646181
91.2395,-9.0964265844
91.2978,-9.0966481989
91.3561,-9.0968286097
91.4144,-9.096982183
91.4727,-9.0970341294
91.531,-9.0972089535
91.5893,-9.097191058
91.6476,-9.0972885456
91.7059,-9.0972699389
91.7642,-9.0973947643
91.8225,-9.0974676521
91.8808,-9.0976526826
91.9391,-9.0976204344
91.9974,-9.0977445486
92.0557,-9.0977688397
92.114,-9.0979712388
92.1723,-9.0979270642
92.2306,-9.0981139469
92.2889,-9.0981185596
92.3472,-9.0983314895
92.4055,-9.0984788186
92.4638,-9.098736347
92.5221,-9.0987773847
92.5804,-9.0990172614
92.6387,-9.0991419176
92.697,-9.0992867623
92.7553,-9.0995903725
92.8136,-9.099930293
92.8719,-9.1001435462
92.9302,-9.1003894063
92.9885,-9.1005215254
93.0468,-9.100675449
93.1051,-9.1007647806
93.1634,-9.1008101349
93.2217,-9.1008853484
93.28,-9.1010186459
93.3383,-9.1011566292
93.3966,-9.1013404981
93.4549,-9.1016138758
93.5132,-9.1018255941
93.5715,-9.1020043781
93.6298,-9.1021057226
93.6881,-9.1021295773
93.7464,-9.1023459087
93.8047,-9.1025989248
93.863,-9.1028855571
93.9213,-9.1032090521
93.9796,-9.1034274091
94.0379,-9.1037256902
94.0962,-9.1039582445
94.1545,-9.1042251448
94.2128,-9.1044980882
94.2711,-9.1047387169
94.3294,-9.105123078
94.3877,-9.1052635683
94.446,-9.1055904331
94.5043,-9.1060030596
94.5626,-9.1063352844
94.6209,-9.1064023771
94.6792,-9.1066916228
94.7375,-9.1068713311
94.7958,-9.1071945745
94.8541,-9.1073350211
94.9124,-9.10744643
94.9707,-9.1076604904
95.029,-9.1079859979
95.0873,-9.1081037123
95.1456,-9.1083607949
95.2039,-9.1084524313
95.2622,-9.1086686412
95.3205,-9.1088789997
95.3788,-9.1092028163
95.4371,-9.1094733679
95.4954,-9.1098042347
95.5537,-9.1100699261
95.612,-9.1104483024
95.6703,-9.1109510887
95.7286,-9.1113404637
95.7869,-9.1118054697
95.8452,-9.1121293436
95.9035,-9.1124029996
95.9618,-9.1129662883
96.0201,-9.1134832476
96.0784,-9.1141183386
96.1367,-9.1145067588
96.195,-9.1149622664
96.2533,-9.1152908896
96.3116,-9.1160673926
96.3699,-9.1166907101
96.4282,-9.1172071018
96.4865,-9.1177138666
96.5448,-9.118265559
96.6031,-9.1188621599
96.6614,-9.1193840346
96.7197,-9.1198911675
96.778,-9.1203294764
96.8363,-9.1207405144
96.8946,-9.1211225828
96.9529,-9.1214573148
97.0112,-9.1217631671
97.0695,-9.1220529675
97.1278,-9.1224427801
97.1861,-9.1228438037
97.2444,-9.123360307
97.3027,-9.1236394879
97.361,-9.1240658355
97.4193,-9.1244978191
97.4776,-9.1249528801
97.5359,-9.1254360845
97.5942,-9.1256656475
97.6525,-9.126014137
97.7108,-9.1262347167
97.7691,-9.1265221937
97.8274,-9.1269460263
97.8857,-9.1273234936
97.944,-9.1278514163
98.0023,-9.1283886285
98.0606,-9.128882956
98.1189,-9.1293070982
98.1772,-9.1298051029
98.2355,-9.1302556241
98.2938,-9.1308628786
98.3521,-9.1312258631
98.4104,-9.1316972973
98.4687,-9.1321553708
98.527,-9.1325123219
98.5853,-9.1328535503
98.6436,-9.1332664275
98.7019,-9.1335681996
98.7602,-9.1339151224
98.8185,-9.1341485423
98.8768,-9.1346773823
98.9351,-9.1350413008
98.9934,-9.1354190252
99.0517,-9.1356986498
99.11,-9.1360484234
99.1683,-9.1363281651
99.2266,-9.1367564431
99.2849,-9.1370074408
99.3432,-9.1373104333
99.4015,-9.1374500969
99.4598,-9.1377863849
99.5181,-9.1380016977
99.5764,-9.1382973704
99.6347,-9.1384451323
99.693,-9.1387502938
99.7513,-9.139147155
99.8096,-9.1395114732
99.8679,-9.1398287931
99.9262,-9.1402296306
99.9845,-9.1404819779
100.0428,-9.1408258943
100.1011,-9.1410666899
100.1594,-9.1416060312
100.2177,-9.1419356524
100.276,-9.1423818445
100.3343,-9.14296546
100.3926,-9.1434539688
100.4509,-9.1438479101
100.5092,-9.1443171748
100.5675,-9.1450336293
100.6258,-9.1454983613
100.6841,-9.1459658498
100.7424,-9.1464782822
100.8007,-9.146955677
100.859,-9.1474101119
100.9173,-9.1478310202
100.9756,-9.1482188026
101.0339,-9.1484288209
101.0922,-9.1486666781
101.1505,-9.1488796101
101.2088,-9.149332466
101.2671,-9.1497000619
101.3254,-9.1501607696
101.3837,-9.1505090918
101.442,-9.1508869413
101.5003,-9.1511839681
101.5586,-9.1515601672
101.6169,-9.1516766158
101.6752,-9.151882321
101.7335,-9.1520535268
101.7918,-9.1522728806
101.8501,-9.1523938028
101.9084,-9.1526340815
101.9667,-9.1527282078
102.025,-9.1529189043
102.0833,-9.1530201012
102.1416,-9.1532040306
102.1999,-9.1534176506
102.2582,-9.1535533009
102.3165,-9.153615181
102.3748,-9.1537997734
102.4331,-9.1537458299
102.4914,-9.1537870287
102.5497,-9.1538598754
102.608,-9.1540391316
102.6663,-9.1541516283
102.7246,-9.1544378932
102.7829,-9.1546453088
102.8412,-9.1548608703
102.8995,-9.1550787891
102.9578,-9.1553875793
103.0161,-9.1554864272
103.0744,-9.1556862257
103.1327,-9.1557954273
103.191,-9.1560589384
103.2493,-9.15622093
103.3076,-9.1565299806
103.3659,-9.1567267016
103.4242,-9.1569484141
103.4825,-9.1570883565
103.5408,-9.1572617259
103.5991,-9.1575716766
103.6574,-9.1577650984
103.7157,-9.1578566513
103.774,-9.1579052295
103.8323,-9.1578787452
103.8906,-9.1579466089
103.9489,-9.1579416941
104.0072,-9.1579453541
104.0655,-9.1578670526
104.1238,-9.1579300406
104.1821,-9.1579662428
104.1821,-9.1579662428
104.1821,-9.1579662428
104.1821,-9.1579662428
104.1821,-9.1579662428
104.2404,-9.1581427923
104.2987,-9.1582217268
104.357,-9.1583695431
104.4153,-9.1584489226
104.4736,-9.1585054911
104.5319,-9.1583901525
104.5902,-9.1583395519
104.6485,-9.158399643
104.7068,-9.1584776996
104.7651,-9.1583903627
104.8234,-9.1584251604
104.8817,-9.1583482785
104.94,-9.1583731627
104.9983,-9.1583836691
105.0566,-9.1585074929
105.1149,-9.1584055366
105.1732,-9.1584607401
105.2315,-9.1583515553
105.2898,-9.158426467
105.3481,-9.1583767559
105.4064,-9.1584073895
105.4647,-9.1582635506
105.523,-9.1580621432
105.5813,-9.1578956551
105.6396,-9.1576827388
105.6979,-9.1575596321
105.7562,-9.1574008489
105.8145,-9.1572621982
105.8728,-9.1570828199
105.9311,-9.1569626683
105.9894,-9.1569218674
106.0477,-9.1567911619
106.106,-9.156667983
106.1643,-9.1564945572
106.2226,-9.1566146354
106.2809,-9.1566145177
106.3392,-9.1565214782
106.3975,-9.1563565437
106.4558,-9.1563227814
106.5141,-9.1561855834
106.5724,-9.1560871559
106.6307,-9.1559962386
106.689,-9.155872845
106.7473,-9.1557895142
106.8056,-9.1558055207
106.8639,-9.1555912747
106.9222,-9.1554861886
106.9805,-9.1552101697
107.0388,-9.1551738822
107.0971,-9.1548106484
107.1554,-9.1546489902
107.2137,-9.1542497259
107.272,-9.1540839458
107.3303,-9.1538908766
107.3886,-9.1535808139
107.4469,-9.1532123472
107.5052,-9.1529831109
107.5635,-9.15269466
107.6218,-9.1524925797
107.6801,-9.1521953052
107.7384,-9.1521062699
107.7967,-9.1518771987
107.855,-9.151706002
107.9133,-9.1513657123
107.9716,-9.1512083057
108.0299,-9.1509904522
108.0882,-9.1508191974
108.1465,-9.1505599036
108.2048,-9.150399426
108.2631,-9.1504134687
108.3214,-9.1502535959
108.3797,-9.1501476749
108.438,-9.1500357962
108.4963,-9.1497339474
108.5546,-9.149580143
108.6129,-9.1493924765
108.6712,-9.1492572387
108.7295,-9.1491913445
108.7878,-9.1492371737
108.8461,-9.1492986896
108.9044,-9.1491908021
108.9627,-9.1490562291
109.021,-9.1489958408
109.0793,-9.1486610603
109.1376,-9.1483468894
109.1959,-9.1480418686
109.2542,-9.147755936
109.3125,-9.1474879834
109.3708,-9.147220974
109.4291,-9.1468869744
109.4874,-9.1466582801
109.5457,-9.1463430025
109.604,-9.1459078344
109.6623,-9.1454441398
109.7206,-9.1451329669
109.7789,-9.1449102395
109.8372,-9.1445622765
109.8955,-9.1442251613
109.9538,-9.1438612864
110.0121,-9.1435051149
110.0704,-9.1430858994
110.1287,-9.1427575667
110.187,-9.1424214963
110.2453,-9.1420899765
110.3036,-9.1417707487
110.3619,-9.1415166563
110.4202,-9.1414013218
110.4785,-9.1412296758
110.5368,-9.1411585495
110.5951,-9.1407366798
110.6534,-9.1405419897
110.7117,-9.1403822681
110.77,-9.140117393
110.8283,-9.1399472636
110.8866,-9.1397410787
110.9449,-9.1393920296
111.0032,-9.1391639803
111.0615,-9.1386808371
111.1198,-9.1382738792
111.1781,-9.1377632728
111.2364,-9.1374337349
111.2947,-9.1370932747
111.353,-9.1367711029
111.4113,-9.1364768392
111.4696,-9.1363111654
111.5279,-9.1360828083
111.5862,-9.1358515263
111.6445,-9.135478611
111.7028,-9.1350701889
111.7611,-9.1345492024
111.8194,-9.1340940223
111.8777,-9.1337532529
111.936,-9.1334696866
111.9943,-9.1332031429
112.0526,-9.1330808979
112.1109,-9.1329554882
112.1692,-9.1326581007
112.2275,-9.1325118525
112.2858,-9.132376952
112.3441,-9.1322890376
112.4024,-9.1320702836
112.4607,-9.1319377087
112.519,-9.1317884784
112.5773,-9.1315545284
112.6356,-9.1312583355
112.6939,-9.1311500981
112.7522,-9.131048389
112.8105,-9.1307860675
112.8688,-9.1305823921
112.9271,-9.1303036827
112.9854,-9.1301180339
113.0437,-9.1298194565
113.102,-9.1295533733
113.1603,-9.1294387544
113.2186,-9.1292851651
113.2769,-9.1291200252
113.3352,-9.1289532766
113.3935,-9.1289060543
113.4518,-9.1287905993
113.5101,-9.1287993308
113.5684,-9.1287547889
113.6267,-9.1287523762
113.685,-9.1286703477
113.7433,-9.1285400919
113.8016,-9.1285144024
113.8599,-9.1284556068
113.9182,-9.1283967707
113.9765,-9.1282135403
114.0348,-9.1281776124
114.0931,-9.12813871
114.1514,-9.1280905376
114.2097,-9.1278912196
114.268,-9.1276885957
114.3263,-9.1274300928
114.3846,-9.1272210887
114.4429,-9.1269672461
114.5012,-9.1268442103
114.5595,-9.1265925671
114.6178,-9.1263806077
114.6761,-9.126157313
114.7344,-9.126001866
114.7927,-9.1256901265
114.851,-9.1253849857
114.9093,-9.1252711863
114.9676,-9.125031022
115.0259,-9.1247074893
115.0842,-9.1244813293
115.1425,-9.1243749319
115.2008,-9.1241987693
115.2591,-9.1241576958
115.3174,-9.1239948229
115.3757,-9.1239989227
115.434,-9.1239765315
115.4923,-9.1240008105
115.5506,-9.1239681135
115.6089,-9.1239422496
115.6672,-9.1238273116
115.7255,-9.1236730443
115.7838,-9.1236107943
115.8421,-9.1233905562
115.9004,-9.1232329033
115.9587,-9.1232350275
116.017,-9.1230635158
116.0753,-9.1228553394
116.1336,-9.122767837
116.1919,-9.1227456855
116.2502,-9.1228035832
116.3085,-9.1226429932
116.3668,-9.1226082879
116.4251,-9.1225188684
116.4834,-9.1222996789
116.5417,-9.122042652
116.6,-9.1218486784
116.6583,-9.1217350608
116.7166,-9.1215956677
116.7749,-9.121605626
116.8332,-9.1215833271
116.8915,-9.1216782711
116.9498,-9.1216977188
117.0081,-9.1217442792
117.0664,-9.1217663688
117.1247,-9.1219431341
117.183,-9.1221358155
117.2413,-9.1222106305
117.2996,-9.1222789657
117.3579,-9.1224590274
117.4162,-9.1226884089
117.4745,-9.122905351
117.5328,-9.1230959047
117.5911,-9.1233360357
117.6494,-9.1233577928
117.7077,-9.1234974999
117.766,-9.1236449955
117.8243,-9.123691759
117.8826,-9.1238411733
117.9409,-9.1239262027
117.9992,-9.1240740799
118.0575,-9.1241444173
118.1158,-9.1241823813
118.1741,-9.1241731627
118.2324,-9.1242308159
118.2907,-9.124395136
118.349,-9.124405478
118.4073,-9.1245018851
118.4656,-9.1245962797
118.5239,-9.1247955921
118.5822,-9.1250062068
118.6405,-9.1251412323
118.6988,-9.1251354686
118.7571,-9.1250432443
118.8154,-9.1249071878
118.8737,-9.1248077921
118.932,-9.1248716447
118.9903,-9.1250765692
119.0486,-9.1253261177
119.1069,-9.1253234311
119.1652,-9.1255006623
119.2235,-9.1255433697
119.2818,-9.1256704429
119.3401,-9.1258904825
119.3984,-9.1260838446
119.4567,-9.1261882459
119.515,-9.1263822822
119.5733,-9.1266179666
119.6316,-9.1268850669
119.6899,-9.1271381013
119.7482,-9.1274143495
119.8065,-9.1276344819
119.8648,-9.1280654414
119.9231,-9.1283748821
119.9814,-9.1287201046
120.0397,-9.1290822695
120.098,-9.12944922
120.1563,-9.1297272625
120.2146,-9.1300550255
120.2729,-9.1303465778
120.3312,-9.1307317005
120.3895,-9.1309792234
120.4478,-9.1311549163
120.5061,-9.1313404264
120.5644,-9.1314683338
120.6227,-9.1315971815
120.681,-9.1317957315
120.7393,-9.1319852079
120.7976,-9.1322692992
120.8559,-9.1324976587
120.9142,-9.1327414156
120.9725,-9.1329177847
121.0308,-9.1331722032
121.0891,-9.133294165
121.1474,-9.1335976152
121.2057,-9.1337425804
121.264,-9.133950514
121.3223,-9.1341071013
121.3806,-9.1344543086
121.4389,-9.134838625
121.4972,-9.1350530203
121.5555,-9.1352898201
121.6138,-9.1356011788
121.6721,-9.1358418482
121.7304,-9.1358748992
121.7887,-9.1359298751
121.847,-9.1360908843
121.9053,-9.1362087734
121.9636,-9.1362712224
122.0219,-9.1365103192
122.0802,-9.1369141647
122.1385,-9.1371272456
122.1968,-9.1373439493
122.2551,-9.1378513733
122.3134,-9.1382774277
122.3717,-9.1385144564
122.43,-9.1388271153
122.4883,-9.1391255308
122.5466,-9.139323586
122.6049,-9.1394691671
122.6632,-9.1396068036
122.7215,-9.1397764327
122.7798,-9.1399861937
122.8381,-9.1401962682
122.8964,-9.1404759643
122.9547,-9.1407810706
123.013,-9.1410967393
123.0713,-9.14140127
123.1296,-9.1415911704
123.1879,-9.1418129148
123.2462,-9.1420786553
123.3045,-9.1423369422
123.3628,-9.1426526373
123.4211,-9.1429837287
123.4794,-9.1434151748
123.5377,-9.1437293093
123.596,-9.1439206175
123.6543,-9.1442188909
123.7126,-9.1446320446
123.7709,-9.1449499996
123.8292,-9.1452376783
123.8875,-9.145505089
123.9458,-9.1457656208
124.0041,-9.1459866866
124.0624,-9.1462663595
124.1207,-9.1464664047
124.179,-9.1465368663
124.2373,-9.146734694
124.2956,-9.14674068
124.3539,-9.1468662189
124.4122,-9.1469205311
124.4705,-9.1469944293
124.5288,-9.1471983085
124.5871,-9.1474340857
124.6454,-9.1477176084
124.7037,-9.147820575
124.762,-9.1480772076
124.8203,-9.148186138
124.8786,-9.1483416719
124.9369,-9.1485097386
124.9952,-9.1485990279
125.0535,-9.1487416086
125.1118,-9.1488726858
125.1701,-9.1491743154
125.2284,-9.1494194046
125.2867,-9.1496577674
125.345,-9.149927
125.4033,-9.1500956273
125.4616,-9.1504328017
125.5199,-9.1506471916
125.5782,-9.150996162
125.6365,-9.1514031835
125.6948,-9.1517198679
125.7531,-9.1519475195
125.8114,-9.1521367657
125.8697,-9.1522764236
125.928,-9.1524647621
125.9863,-9.1525578248
126.0446,-9.1526494765
126.1029,-9.1528474031
126.1612,-9.1530705695
126.2195,-9.1531491519
126.2778,-9.1533414763
126.3361,-9.1536611539
126.3944,-9.153875345
126.4527,-9.1539616637
126.511,-9.1540755309
126.5693,-9.1539885361
126.6276,-9.1538754487
126.6859,-9.1537763465
126.7442,-9.153745991
126.8025,-9.1537566442
126.8608,-9.1537067332
126.9191,-9.1536807055
126.9774,-9.1536903112
127.0357,-9.1537126864
127.094,-9.1537918205
127.1523,-9.1537648896
127.2106,-9.1537327794
127.2689,-9.1537085767
127.3272,-9.1537074872
127.3855,-9.1537006087
127.4438,-9.1538401519
127.5021,-9.1537628954
127.5604,-9.1537017647
127.6187,-9.1537498851
127.677,-9.153836748
127.7353,-9.1538651426
127.7936,-9.153716357
127.8519,-9.1535888774
127.9102,-9.1535335935
127.9685,-9.1533889155
128.0268,-9.1534483343
128.0851,-9.1533549891
128.1434,-9.1532485712
128.2017,-9.153209871
128.26,-9.1532157098
128.3183,-9.1532454666
128.3766,-9.153224984
128.4349,-9.1532399098
128.4932,-9.1531100961
128.5515,-9.152987579
128.6098,-9.1527625941
128.6681,-9.1525858542
128.7264,-9.1525456568
128.7847,-9.1523895792
128.843,-9.1522919282
128.9013,-9.1521769449
128.9596,-9.1520472318
129.0179,-9.1519140841
129.0762,-9.1517802122
129.1345,-9.1518293936
129.1928,-9.1518044011
129.2511,-9.1518673207
129.3094,-9.1518952254
129.3677,-9.1518530047
129.426,-9.1517707276
129.4843,-9.151861207
129.5426,-9.1517247574
129.6009,-9.1517238183
129.6592,-9.1516808068
129.7175,-9.1516225074
129.7758,-9.1515548703
129.8341,-9.1515847175
129.8924,-9.1517252462
129.9507,-9.151712346
130.009,-9.1518182991
130.0673,-9.1518615947
130.1256,-9.1518994864
130.1839,-9.1518238712
130.2422,-9.1515527515
130.3005,-9.1515301575
130.3588,-9.1513582683
130.4171,-9.1512167578
130.4754,-9.1510448565
130.5337,-9.1509865508
130.592,-9.1508840273
130.6503,-9.1507159964
130.7086,-9.1507339512
130.7669,-9.1506482313
130.8252,-9.1505496217
130.8835,-9.1502999365
130.9418,-9.1501408975
131.0001,-9.1499444248
131.0584,-9.1498373603
131.1167,-9.1496458107
131.175,-9.1494754387
131.2333,-9.1493243439
131.2916,-9.1492251357
131.3499,-9.1491203314
131.4082,-9.1490157848
131.4665,-9.1489603601
131.5248,-9.1487656387
131.5831,-9.1488864273
131.6414,-9.1488532071
131.6997,-9.1487631949
131.758,-9.1486885648
131.8163,-9.1486665256
131.8746,-9.1484888865
131.9329,-9.1483428124
131.9912,-9.1480411713
132.0495,-9.1479174799
132.1078,-9.147702819
132.1661,-9.1475360359
132.2244,-9.1473722786
132.2827,-9.1472786705
132.341,-9.1471811285
132.3993,-9.1469067327
132.4576,-9.1465549636
132.5159,-9.1462770233
132.5742,-9.1460495395
132.6325,-9.1456954057
132.6908,-9.1453881356
132.7491,-9.1450770363
132.8074,-9.1447778993
132.8657,-9.1444617875
132.924,-9.1441449032
132.9823,-9.1438118933
133.0406,-9.1434888529
133.0989,-9.1431640351
133.1572,-9.1427534806
133.2155,-9.1423502076
133.2738,-9.1419192682
133.3321,-9.1414662445
133.3904,-9.1412232939
133.4487,-9.1409421503
133.507,-9.1406694182
133.5653,-9.1405698843
133.6236,-9.1403327461
133.6819,-9.1400419397
133.7402,-9.1399359789
133.7985,-9.1398075031
133.8568,-9.139718842
133.9151,-9.1396259531
133.9734,-9.1396083663
134.0317,-9.1392968516
134.09,-9.1390528697
134.1483,-9.1388143207
134.2066,-9.1386446328
134.2649,-9.1383964955
134.3232,-9.1382257605
134.3815,-9.1379788802
134.4398,-9.1377401563
134.4981,-9.1375492373
134.5564,-9.1373554105
134.6147,-9.1371467371
134.673,-9.1369574668
134.7313,-9.1366901901
134.7896,-9.1364855427
134.8479,-9.1362908559
134.9062,-9.1361913799
134.9645,-9.1361722289
135.0228,-9.1359533104
135.0811,-9.1356172835
135.1394,-9.1353325595
135.1977,-9.1350302387
135.256,-9.1347455884
135.3143,-9.1343917006
135.3726,-9.1342104981
135.4309,-9.1340562457
135.4892,-9.1339684493
135.5475,-9.1337087266
135.6058,-9.1334687307
135.6641,-9.133247731
135.7224,-9.1329820277
135.7807,-9.1329357829
135.839,-9.1328277525
135.8973,-9.1327472579
135.9556,-9.1324845713
136.0139,-9.1321469547
136.0722,-9.1318653669
136.1305,-9.1315782064
136.1888,-9.1313760783
136.2471,-9.1312003111
136.3054,-9.1310947146
136.3637,-9.1310467189
136.422,-9.1309204848
136.4803,-9.1308976716
136.5386,-9.1307153582
136.5969,-9.1305114012
136.6552,-9.1302936749
136.7135,-9.1299717368
136.7718,-9.1297407811
136.8301,-9.1294870838
136.8884,-9.1291797031
136.9467,-9.1289834388
137.005,-9.1287240617
137.0633,-9.1285108838
137.1216,-9.1284637319
137.1799,-9.1284846804
137.2382,-9.1284241834
137.2965,-9.1283942001
137.3548,-9.1283250033
137.4131,-9.1283378467
137.4714,-9.128302263
137.5297,-9.1282466006
137.588,-9.1281606331
137.6463,-9.1280841492
137.7046,-9.1279393352
137.7629,-9.1277585149
137.8212,-9.1276960546
137.8795,-9.1276717084
137.9378,-9.1275060965
137.9961,-9.1272733651
138.0544,-9.1271361179
138.1127,-9.127015162
138.171,-9.1267971372
138.2293,-9.126781797
138.2876,-9.1267192462
138.3459,-9.1265576913
138.4042,-9.1265476261
138.4625,-9.1265623438
138.5208,-9.1265071255
138.5791,-9.1262929208
138.6374,-9.1260336106
138.6957,-9.1259110051
138.754,-9.1258348052
138.8123,-9.125821406
138.8706,-9.1257684023
138.9289,-9.1255168918
138.9872,-9.1254493856
139.0455,-9.1254042948
139.1038,-9.1253689878
139.1621,-9.1252791241
139.2204,-9.1251131354
139.2787,-9.1250289455
139.337,-9.1249177741
139.3953,-9.1247231797
139.4536,-9.1245807756
139.5119,-9.1246118045
139.5702,-9.1245441216
139.6285,-9.1243571979
139.6868,-9.1242718539
139.7451,-9.1244046055
139.8034,-9.1245232489
139.8617,-9.1244831367
139.92,-9.1246022283
139.9783,-9.1245881557
140.0366,-9.1246557778
140.0949,-9.1245527593
140.1532,-9.124624217
140.2115,-9.1245126554
140.2698,-9.1245314934
140.3281,-9.1246458547
140.3864,-9.1248821078
140.4447,-9.1250678967
140.503,-9.1252525489
140.5613,-9.1255160072
140.6196,-9.1258470449
140.6779,-9.1261294016
140.7362,-9.1262797078
140.7945,-9.126388278
140.8528,-9.1265864961
140.9111,-9.1267669805
140.9694,-9.1269266574
141.0277,-9.127052402
141.086,-9.127034244
141.1443,-9.1270836919
141.2026,-9.1271290219
141.2609,-9.1270894355
141.3192,-9.1271416931
141.3775,-9.1270631304
141.4358,-9.1271540516
141.4941,-9.1272483622
141.5524,-9.1271565897
141.6107,-9.1271730424
141.669,-9.1271863585
141.7273,-9.1271789476
141.7856,-9.1272730881
141.8439,-9.1274513393
141.9022,-9.1275409672
141.9605,-9.1276269717
142.0188,-9.1276613712
142.0771,-9.127855254
142.1354,-9.12795312
142.1937,-9.12809486
142.252,-9.1282440634
142.3103,-9.1283821755
142.3686,-9.1284574555
142.4269,-9.1283743206
142.4852,-9.1284178583
142.5435,-9.1285087373
142.6018,-9.1285987818
142.6601,-9.1285662418
142.7184,-9.1287751063
142.7767,-9.1288684233
142.835,-9.1287830864
142.8933,-9.1289249321
142.9516,-9.1290680741
143.0099,-9.129070252
143.0682,-9.1291547911
143.1265,-9.1292604357
143.1848,-9.1294819057
143.2431,-9.1295734923
143.3014,-9.1297843384
143.3597,-9.1298734608
143.418,-9.1300071331
143.4763,-9.1300754714
143.5346,-9.130325901
143.5929,-9.1304558338
143.6512,-9.130628685
143.7095,-9.1308991286
143.7678,-9.1311499627
143.8261,-9.1313982863
143.8844,-9.1317506641
143.9427,-9.131831361
144.001,-9.1321284733
144.0593,-9.1323985566
144.1176,-9.1327124092
144.1759,-9.1331195927
144.2342,-9.1336495617
144.2925,-9.1340167101
244.5685,-9.1464040146
244.5685,-9.1464040146
244.59765,-9.1464117334
244.6268,-9.1464263259
244.65595,-9.1464280896
244.6851,-9.1464288486
244.71425,-9.1464464967
244.7434,-9.1464600419
244.77255,-9.1464813289
244.8017,-9.1465706727
244.83085,-9.1465441026
244.86,-9.1465909335
244.88915,-9.1465910598
244.9183,-9.146626739
244.94745,-9.1465874499
244.9766,-9.1466339077
245.00575,-9.1466442784
245.0349,-9.1466497529
245.06405,-9.1466702255
245.0932,-9.1466770133
245.12235,-9.1466817241
245.1515,-9.1467100713
245.18065,-9.1467060098
245.2098,-9.1467241691
245.23895,-9.1466973212
245.2681,-9.1467178045
245.29725,-9.1466895286
245.3264,-9.1466885468
245.35555,-9.1466211294
245.3847,-9.1466963631
245.41385,-9.1466816966
245.443,-9.1467131629
245.47215,-9.1467271781
245.5013,-9.1467404352
245.53045,-9.1467363429
245.5596,-9.1467452125
245.58875,-9.1467572805
245.6179,-9.1467894234
245.64705,-9.1467685087
245.6762,-9.1468048484
245.70535,-9.1468156062
245.7345,-9.1468580504
245.76365,-9.1469215942
245.7928,-9.1469190006
245.82195,-9.1469509612
245.8511,-9.1469464922
245.88025,-9.1469643399
245.9094,-9.1469914384
245.93855,-9.1470155338
245.9677,-9.1470058142
245.99685,-9.1470426741
246.026,-9.147021872
246.05515,-9.1470149785
246.0843,-9.1470225526
246.11345,-9.1469428077
246.1426,-9.1469647082
246.17175,-9.1469667373
246.2009,-9.1469177627
246.23005,-9.1469231528
246.2592,-9.1468850746
246.28835,-9.1468730394
246.3175,-9.146886228
246.34665,-9.1468729048
246.3758,-9.1468663272
246.40495,-9.146831722
246.4341,-9.1468101731
246.46325,-9.1467719111
246.4924,-9.1467453923
246.52155,-9.1467368795
246.5507,-9.146705779
246.57985,-9.1466884254
246.609,-9.1466655024
246.63815,-9.1465930265
246.6673,-9.1465414248
246.69645,-9.1464760274
246.7256,-9.1464078631
246.75475,-9.1463400923
246.7839,-9.1462758555
246.81305,-9.1462057075
246.8422,-9.1461317232
246.87135,-9.1460602889
246.9005,-9.145988713
246.92965,-9.1459280525
246.9588,-9.145860247
246.98795,-9.1457653491
247.0171,-9.1457114417
247.04625,-9.1456197321
247.0754,-9.1456033436
247.10455,-9.1455647708
247.1337,-9.1455420696
247.16285,-9.1455130374
247.192,-9.1454457376
247.22115,-9.1454402566
247.2503,-9.1453906396
247.27945,-9.1453693457
247.3086,-9.1453512868
247.33775,-9.1452989349
247.3669,-9.1452486757
247.39605,-9.1452007928
247.4252,-9.1451438668
247.45435,-9.1451381431
247.4835,-9.1450842039
247.51265,-9.1450461237
247.5418,-9.1450231659
247.57095,-9.1449658766
247.6001,-9.1449848498
247.62925,-9.1449572407
247.6584,-9.1449584369
247.68755,-9.144933541
247.7167,-9.1449091246
247.74585,-9.1448977462
247.775,-9.1448617235
247.80415,-9.1448436295
247.8333,-9.1448256769
247.86245,-9.1448214918
247.8916,-9.1447892645
247.92075,-9.144765142
247.9499,-9.1447260846
247.97905,-9.1447075632
248.0082,-9.1446534509
248.03735,-9.144589306
248.0665,-9.1445294117
248.09565,-9.1444862373
248.1248,-9.1444303717
248.15395,-9.1443794683
248.1831,-9.1443441031
248.21225,-9.1443041808
248.2414,-9.1443031575
248.27055,-9.1442904875
248.2997,-9.1442933305
248.32885,-9.1442986339
248.358,-9.1442819391
248.38715,-9.1442677511
248.4163,-9.1442534701
248.44545,-9.1442718775
248.4746,-9.1442532138
248.50375,-9.1442506798
248.5329,-9.1442416111
248.56205,-9.1441970361
248.5912,-9.1441945146
248.62035,-9.1441589905
248.6495,-9.1441816336
248.67865,-9.1441047152
248.7078,-9.1441362212
248.73695,-9.1440885751
248.7661,-9.1440812364
248.79525,-9.1439739055
248.8244,-9.1439925349
248.85355,-9.1439639614
248.8827,-9.143952561
248.91185,-9.1439243806
248.941,-9.1439028206
248.97015,-9.1438612003
248.9993,-9.1438436862
249.02845,-9.1437973888
249.0576,-9.1437489585
249.08675,-9.1437196798
249.1159,-9.1436867397
249.14505,-9.1436398549
249.1742,-9.1435816215
249.20335,-9.1435456377
249.2325,-9.1434956949
249.26165,-9.1434425757
249.2908,-9.1434038865
249.31995,-9.1433564497
249.3491,-9.143332248
249.37825,-9.1432860989
249.4074,-9.1432613387
249.43655,-9.1432421602
249.4657,-9.1432318225
249.49485,-9.1432343757
249.524,-9.1432040298
249.55315,-9.1431529269
249.5823,-9.143095913
249.61145,-9.1430691549
249.6406,-9.1430337976
249.66975,-9.1429931956
249.6989,-9.1429723147
249.72805,-9.1429531831
249.7572,-9.1429227195
249.78635,-9.1428866755
249.8155,-9.1428550316
249.84465,-9.1428048259
249.8738,-9.1428065525
249.90295,-9.1427392418
249.9321,-9.1427383762
249.96125,-9.1426553955
249.9904,-9.1426580604
250.01955,-9.1426568774
250.0487,-9.1426260697
250.07785,-9.1426107115
250.107,-9.1425827118
250.13615,-9.1425560421
250.1653,-9.1425397945
250.19445,-9.1425296581
250.2236,-9.1424984525
250.25275,-9.1424426048
250.2819,-9.1424180133
250.31105,-9.1424776867
250.3402,-9.1424013469
250.36935,-9.1423978095
250.3985,-9.1423477894
250.42765,-9.1423092545
250.4568,-9.1422575448
250.48595,-9.1422061261
250.5151,-9.1421525989
250.54425,-9.1421213875
250.5734,-9.1420752516
250.60255,-9.14205826
250.6317,-9.1420230661
250.66085,-9.1420000716
250.69,-9.1419595985
250.71915,-9.1418773946
250.7483,-9.1418680271
250.77745,-9.1418198171
250.8066,-9.1417977635
250.83575,-9.1417648629
250.8649,-9.1417437681
250.89405,-9.1417132696
250.9232,-9.1416780043
250.95235,-9.1416485049
250.9815,-9.1415883519
251.01065,-9.1415372171
251.0398,-9.1415179987
251.06895,-9.1414221791
251.0981,-9.1413862209
251.12725,-9.1413292189
251.1564,-9.1412897824
251.18555,-9.1412507205
251.2147,-9.1411832753
251.24385,-9.1411299727
251.273,-9.1410090154
251.30215,-9.1409719693
251.3313,-9.1408933326
251.36045,-9.1408492102
251.3896,-9.1407802335
251.41875,-9.1407311263
251.4479,-9.1407595904
251.47705,-9.1406557615
251.5062,-9.1406245712
251.53535,-9.1405554331
251.5645,-9.1404982039
251.59365,-9.1404351798
251.6228,-9.140356789
251.65195,-9.1402545208
251.6811,-9.1401910432
251.71025,-9.1401159722
251.7394,-9.1400705142
251.76855,-9.140050854
251.7977,-9.1399932067
251.82685,-9.1399409332
251.856,-9.1398925423
251.88515,-9.1398393817
251.9143,-9.139781176
251.94345,-9.1397111383
251.9726,-9.1396398359
252.00175,-9.1395808661
252.0309,-9.1395289185
252.06005,-9.1394248938
252.0892,-9.1393788025
252.11835,-9.1393367977
252.1475,-9.1392449666
252.17665,-9.1391735537
252.2058,-9.1391056017
252.23495,-9.1390191705
252.2641,-9.1389753433
252.29325,-9.1389319097
252.3224,-9.1388958676
252.35155,-9.1388491273
252.3807,-9.1388192842
252.40985,-9.1387451131
252.439,-9.1387174599
252.46815,-9.1386597893
252.4973,-9.1386177693
252.52645,-9.1385884255
252.5556,-9.1385369675
252.58475,-9.1384875996
252.6139,-9.1384541544
252.64305,-9.1383906654
252.6722,-9.1383720006
252.70135,-9.1382754136
252.7305,-9.1382340397
252.75965,-9.1381400614
252.7888,-9.1380627282
252.81795,-9.1379820433
252.8471,-9.1379302826
252.87625,-9.1378577787
252.9054,-9.1377807758
252.93455,-9.1377214892
252.9637,-9.1376167935
252.99285,-9.1375611556
253.022,-9.1374956812
253.05115,-9.1374237465
253.0803,-9.1373769784
253.10945,-9.1373238802
253.1386,-9.1372686286
253.16775,-9.1372280997
253.1969,-9.1371968969
253.22605,-9.1371650595
253.2552,-9.1371288134
253.28435,-9.1371452431
253.3135,-9.1371033571
253.34265,-9.1371126112
253.3718,-9.1371335474
253.40095,-9.1371281392
253.4301,-9.1371255711
253.45925,-9.1371065914
253.4884,-9.1370779547
253.51755,-9.1370807453
253.5467,-9.1370757438
253.57585,-9.1370765213
253.605,-9.1370209269
253.63415,-9.1370175503
253.6633,-9.1369393298
253.69245,-9.1369169624
253.7216,-9.1368871177
253.75075,-9.1368465651
253.7799,-9.1367956024
253.80905,-9.1367477978
253.8382,-9.1366908042
253.86735,-9.1366814898
253.8965,-9.1366055212
253.92565,-9.1365430849
253.9548,-9.1364796086
253.98395,-9.1364393543
254.0131,-9.1363572553
254.04225,-9.1362808802
254.0714,-9.1362650431
254.10055,-9.1361610667
254.1297,-9.1361470932
254.15885,-9.1360944723
254.188,-9.1360617338
254.21715,-9.1360034061
254.2463,-9.1359846646
254.27545,-9.1359345117
254.3046,-9.135898993
254.33375,-9.1358227252
254.3629,-9.1357897304
254.39205,-9.135743371
254.4212,-9.1356969855
254.45035,-9.1356448976
254.4795,-9.1356159987
254.50865,-9.1355768892
254.5378,-9.135576068
254.56695,-9.1355495867
254.5961,-9.135541345
254.62525,-9.1355350326
254.6544,-9.1355187217
254.68355,-9.1354846447
254.7127,-9.1354635971
254.74185,-9.1354443345
254.771,-9.1354166174
254.80015,-9.1353838875
254.8293,-9.1353742468
254.85845,-9.1353379198
254.8876,-9.1353697285
254.91675,-9.1353393334
254.9459,-9.1352998514
254.97505,-9.1352725421
255.0042,-9.1352542828
255.03335,-9.1352000738
255.0625,-9.1351838544
255.09165,-9.1351702688
255.1208,-9.1351393711
255.14995,-9.1351268769
255.1791,-9.1351059233
255.20825,-9.1350837498
255.2374,-9.1350817159
255.26655,-9.1350810308
255.2957,-9.1350791518
255.32485,-9.1350646065
255.354,-9.1351072269
255.38315,-9.1351238351
255.4123,-9.1351476507
255.44145,-9.1351406495
255.4706,-9.1351654676
255.49975,-9.1351745699
255.5289,-9.1351916963
255.55805,-9.1352090961
255.5872,-9.1352247253
255.61635,-9.1352312166
255.6455,-9.1352167888
255.67465,-9.1351971327
255.7038,-9.1351415158
255.73295,-9.1350916304
255.7621,-9.1350343892
255.79125,-9.1349607289
255.8204,-9.1348898584
255.84955,-9.1348110871
255.8787,-9.1347381932
255.90785,-9.13464967
255.937,-9.1345736282
255.96615,-9.1344708075
255.9953,-9.1344297002
256.02445,-9.1343491534
256.0536,-9.1343082937
256.08275,-9.1342555153
256.1119,-9.1342162411
256.14105,-9.1341684674
256.1702,-9.1341367507
256.19935,-9.1341139424
256.2285,-9.1341129848
256.25765,-9.1340842697
256.2868,-9.1340788275
256.31595,-9.1340469699
256.3451,-9.1340392124
256.37425,-9.1340240178
256.4034,-9.1340012441
256.43255,-9.1339645173
256.4617,-9.1339497395
256.49085,-9.1339082296
256.52,-9.1338979741
256.54915,-9.1338879716
256.5783,-9.1338582568
256.60745,-9.1338162933
256.6366,-9.1337980447
256.66575,-9.1337513191
256.6949,-9.1337062579
256.72405,-9.1336776124
256.7532,-9.1336788617
256.78235,-9.1336738925
256.8115,-9.1336690594
256.84065,-9.1336679037
256.8698,-9.1336692079
256.89895,-9.1336966656
256.9281,-9.133714133
256.95725,-9.1337407474
256.9864,-9.1337925887
257.01555,-9.1337650726
257.0447,-9.1338483927
257.07385,-9.1338796397
257.103,-9.1339120577
257.13215,-9.1339468462
257.1613,-9.1339404708
257.19045,-9.1339648022
257.2196,-9.1339659563
257.24875,-9.1339083026
257.2779,-9.1339269615
257.30705,-9.1338907845
257.3362,-9.1338817642
257.36535,-9.1338434502
257.3945,-9.1338571119
257.42365,-9.1338345535
257.4528,-9.1338220601
257.48195,-9.133798761
257.5111,-9.1337746141
257.54025,-9.1338042669
257.5694,-9.1337834505
257.59855,-9.1337816643
257.6277,-9.1337936057
257.65685,-9.133782648
257.686,-9.1338054336
257.71515,-9.1337998071
257.7443,-9.1337909547
257.77345,-9.1338150871
257.8026,-9.1338111485
257.83175,-9.1337745379
257.8609,-9.1337679391
257.89005,-9.1336579998
257.9192,-9.133665752
257.94835,-9.1336009933
257.9775,-9.1335495722
258.00665,-9.1334960856
258.0358,-9.1334676023
258.06495,-9.1334192262
258.0941,-9.1333947943
258.12325,-9.1333964827
258.1524,-9.1333715688
258.18155,-9.1333580663
258.2107,-9.1333637107
258.23985,-9.1333783141
258.269,-9.1333814114
258.29815,-9.1333930516
258.3273,-9.1333975974
258.35645,-9.1334070384
258.3856,-9.1334462616
258.41475,-9.1334669334
258.4439,-9.1334988525
258.47305,-9.1335248541
258.5022,-9.1335469332
258.53135,-9.133579901
258.5605,-9.133597487
258.58965,-9.1336172678
258.6188,-9.1336123211
258.64795,-9.1336134559
258.6771,-9.1336139829
258.70625,-9.1336143205
258.7354,-9.1336584215
258.76455,-9.1336297501
258.7937,-9.1337199079
258.82285,-9.1337539126
258.852,-9.1337866288
258.88115,-9.1338068068
258.9103,-9.1338736994
258.93945,-9.1338776182
258.9686,-9.1339320893
258.99775,-9.1339740009
259.0269,-9.1340185225
259.05605,-9.1340715692
259.0852,-9.1341092474
259.11435,-9.134154238
259.1435,-9.1341711106
259.17265,-9.1342337188
259.2018,-9.1342603991
259.23095,-9.1342821293
259.2601,-9.1343032646
259.28925,-9.1343150018
259.3184,-9.1343178911
259.34755,-9.134322648
259.3767,-9.1343336519
259.40585,-9.1343404777
259.435,-9.1343766916
259.46415,-9.1343957356
259.4933,-9.1344106829
259.52245,-9.1344663257
259.5516,-9.1344691624
259.58075,-9.1345138068
259.6099,-9.134514309
259.63905,-9.1345221427
259.6682,-9.1345427983
259.69735,-9.1345631509
259.7265,-9.1345890376
259.75565,-9.134629687
259.7848,-9.1347139598
259.81395,-9.1347713296
259.8431,-9.1348469473
259.87225,-9.1349247263
259.9014,-9.1350079197
259.93055,-9.1350931275
259.9597,-9.1351398582
259.98885,-9.135194223
260.018,-9.1352537253
260.04715,-9.135312225
260.0763,-9.1353521597
260.10545,-9.1353908733
260.1346,-9.1354111905
260.16375,-9.1354145379
260.1929,-9.1354015749
260.22205,-9.135355498
260.2512,-9.1353674986
260.28035,-9.1353415428
260.3095,-9.1353605984
260.33865,-9.1353306675
260.3678,-9.1353341625
260.39695,-9.1353313451
260.4261,-9.1353343355
260.45525,-9.1353019913
260.4844,-9.1352986322
260.51355,-9.1352990257
260.5427,-9.1352138135
260.57185,-9.1352733434
260.601,-9.1352622766
260.63015,-9.1352715634
260.6593,-9.1352905461
260.68845,-9.1352901544
260.7176,-9.1352985265
260.74675,-9.1353274045
260.7759,-9.1353620107
260.80505,-9.1353854183
260.8342,-9.1354242411
260.86335,-9.1354411793
260.8925,-9.1354702104
260.92165,-9.135497842
260.9508,-9.1355260966
260.97995,-9.1355494511
261.0091,-9.1355880279
261.03825,-9.1356251732
261.0674,-9.1356941891
261.09655,-9.1357422967
261.1257,-9.1357970213
261.15485,-9.1358333215
261.184,-9.1358790391
261.21315,-9.1359410764
261.2423,-9.1360072808
261.27145,-9.1360789348
261.3006,-9.1361647919
261.32975,-9.1362446449
261.3589,-9.1363233503
261.38805,-9.1364080929
261.4172,-9.1364512757
261.44635,-9.1365316353
261.4755,-9.1365927666
261.50465,-9.1366549883
261.5338,-9.1366852657
261.56295,-9.1366817492
261.5921,-9.1367318108
261.62125,-9.1367610804
261.6504,-9.1368018986
261.67955,-9.1368231106
261.7087,-9.1368673668
261.73785,-9.1368782494
261.767,-9.136969996
261.79615,-9.136972088
261.8253,-9.1369853197
261.85445,-9.1370084409
261.8836,-9.1370019167
261.91275,-9.1370170854
261.9419,-9.1370574012
261.97105,-9.1370720045
262.0002,-9.1371240326
262.02935,-9.1371584949
262.0585,-9.1371757563
262.08765,-9.1371981942
262.1168,-9.1372386415
262.14595,-9.1372351934
262.1751,-9.1372606241
262.20425,-9.1372904163
262.2334,-9.1372788005
262.26255,-9.1373016315
262.2917,-9.1372770358
262.32085,-9.1373008345
262.35,-9.1373051852
262.37915,-9.1373237807
262.4083,-9.1373584277
262.43745,-9.1373787079
262.4666,-9.1374184817
262.49575,-9.1374326061
262.5249,-9.1375168655
262.55405,-9.1375802351
262.5832,-9.1376390255
262.61235,-9.1376956076
262.6415,-9.1377515274
262.67065,-9.1378334357
262.6998,-9.1379016944
262.72895,-9.1379866834
262.7581,-9.1380604553
262.78725,-9.1381397652
262.8164,-9.1382446819
262.84555,-9.1383423772
262.8747,-9.1384465597
262.90385,-9.1385155602
262.933,-9.1385887147
262.96215,-9.1386842154
262.9913,-9.1387545746
263.02045,-9.1388367209
263.0496,-9.1389186978
263.07875,-9.1389995493
263.1079,-9.1391092196
263.13705,-9.1391465597
263.1662,-9.1392580041
263.19535,-9.1393424183
263.2245,-9.1394132188
263.25365,-9.1395093765
263.2828,-9.1395696908
263.31195,-9.1396180907
263.3411,-9.139659435
263.37025,-9.1396994485
263.3994,-9.1397448213
263.42855,-9.1397947776
263.4577,-9.1398060754
263.48685,-9.1398348742
263.516,-9.1398399691
263.54515,-9.1398421951
263.5743,-9.1398454411
263.60345,-9.1398613397
263.6326,-9.1398625324
263.66175,-9.1399044277
263.6909,-9.1399113113
263.72005,-9.1399847198
263.7492,-9.1399869779
263.77835,-9.1400740451
263.8075,-9.1400740452
263.83665,-9.1401332314
263.8658,-9.1401760154
263.89495,-9.1402159078
263.9241,-9.140249631
263.95325,-9.1403137804
263.9824,-9.1403495574
264.01155,-9.1404077213
264.0407,-9.1404458515
264.06985,-9.1404788077
264.099,-9.1405195847
264.12815,-9.140576516
264.1573,-9.1406034436
264.18645,-9.1406223496
264.2156,-9.1406810087
264.24475,-9.1406940042
264.2739,-9.1407497844
264.30305,-9.1407259859
264.3322,-9.1408009137
264.36135,-9.1408559634
264.3905,-9.1408766007
264.41965,-9.140927179
264.4488,-9.1409548222
264.47795,-9.1410116168
264.5071,-9.1410574041
264.53625,-9.1411246208
264.5654,-9.1411912242
264.59455,-9.14128169
264.6237,-9.1413525337
264.65285,-9.141360856
264.682,-9.1414881391
264.71115,-9.1415287747
264.7403,-9.1415897011
264.76945,-9.1416196603
264.7986,-9.1417089291
264.82775,-9.1417031201
264.8569,-9.1417954547
264.88605,-9.1418725355
264.9152,-9.1419337048
264.94435,-9.1419946843
264.9735,-9.1420217049
265.00265,-9.1420698905
265.0318,-9.142116209
265.06095,-9.1421450136
265.0901,-9.1421895418
265.11925,-9.1422323043
265.1484,-9.142284121
265.17755,-9.1423107045
265.2067,-9.1423367999
265.23585,-9.142355772
265.265,-9.1423879319
265.29415,-9.1424050185
265.3233,-9.1424109463
265.35245,-9.1424366198
265.3816,-9.1424061685
265.41075,-9.1424319606
265.4399,-9.1424371153
265.46905,-9.1424262829
265.4982,-9.1424452013
265.52735,-9.1424174836
265.5565,-9.1424201625
265.58565,-9.1424168597
265.6148,-9.1424350213
265.64395,-9.1424357556
265.6731,-9.1424789238
265.70225,-9.1424961658
265.7314,-9.1425353025
265.76055,-9.1425866608
265.7897,-9.1425685218
265.81885,-9.1426756646
265.848,-9.1426992245
265.87715,-9.1427537251
265.9063,-9.1427884655
265.93545,-9.1428355404
265.9646,-9.1428941723
265.99375,-9.1429263032
266.0229,-9.1429569796
266.05205,-9.1429878711
266.0812,-9.1430221612
266.11035,-9.1430331026
266.1395,-9.1430819488
266.16865,-9.1431072963
266.1978,-9.143152123
266.22695,-9.143206717
266.2561,-9.1432335339
266.28525,-9.1432996334
266.3144,-9.14337701
266.34355,-9.1433943316
266.3727,-9.1434874703
266.40185,-9.1434742435
266.431,-9.1435271818
266.46015,-9.1436143265
266.4893,-9.1436060839
266.51845,-9.1436340255
266.5476,-9.1436303602
266.57675,-9.1436255195
266.6059,-9.143697509
266.63505,-9.1436943867
266.6642,-9.1437429269
266.69335,-9.1437316571
266.7225,-9.143760412
266.75165,-9.1437433707
266.7808,-9.1437451416
266.80995,-9.143744483
266.8391,-9.1437379966
266.86825,-9.1437070387
266.8974,-9.1436994848
266.92655,-9.1436797507
266.9557,-9.143638834
266.98485,-9.1436087417
267.014,-9.1436194723
267.04315,-9.1435572118
267.0723,-9.143608789
267.10145,-9.143606886
267.1306,-9.1436538725
267.15975,-9.1436676673
267.1889,-9.1437152465
267.21805,-9.1437572488
267.2472,-9.1438413499
267.27635,-9.1438945333
267.3055,-9.1439655618
267.33465,-9.1440323095
267.3638,-9.144085462
267.39295,-9.1441530283
267.4221,-9.1442086818
267.45125,-9.1442421242
267.4804,-9.1442747874
267.50955,-9.1442840782
267.5387,-9.1443043148
267.56785,-9.144315017
267.597,-9.1442912195
267.62615,-9.144321421
267.6553,-9.1442776179
267.68445,-9.1442255899
267.7136,-9.1442301961
267.74275,-9.1442071574
267.7719,-9.1442123011
267.80105,-9.1441880154
267.8302,-9.1442122702
267.85935,-9.1442071726
267.8885,-9.1441983807
267.91765,-9.1441951652
267.9468,-9.1442124029
267.97595,-9.1442161584
268.0051,-9.1442215701
268.03425,-9.1442721003
268.0634,-9.1442913474
268.09255,-9.1443423112
268.1217,-9.1443752169
268.15085,-9.1444526184
268.18,-9.1444896721
268.20915,-9.1445324284
268.2383,-9.1445798232
268.26745,-9.1446042353
268.2966,-9.144611807
268.32575,-9.1446843194
268.3549,-9.1447342557
268.38405,-9.1447485095
268.4132,-9.1447950165
268.44235,-9.1448115153
268.4715,-9.1448278628
268.50065,-9.1448485425
268.5298,-9.1449080162
268.55895,-9.1449112639
268.5881,-9.1449383478
268.61725,-9.1449650774
268.6464,-9.1450159364
268.67555,-9.145052895
268.7047,-9.1450860936
268.73385,-9.1450854078
268.763,-9.1451261273
268.79215,-9.1450944526
268.8213,-9.1451567506
268.85045,-9.1451235443
268.8796,-9.1450963762
268.90875,-9.1450847192
268.9379,-9.1451029119
268.96705,-9.1451166679
268.9962,-9.145099597
269.02535,-9.1450916745
269.0545,-9.1450865842
269.08365,-9.1450850245
269.1128,-9.1450647296
269.14195,-9.1450768511
269.1711,-9.1450831277
269.20025,-9.1450616564
269.2294,-9.1450946978
269.25855,-9.1450798016
269.2877,-9.1450995968
269.31685,-9.1451089128
269.346,-9.1451370825
269.37515,-9.1451362891
269.4043,-9.1451631988
269.43345,-9.1451868759
269.4626,-9.1452186837
269.49175,-9.1452416141
269.5209,-9.1452394792
269.55005,-9.1452400144
269.5792,-9.1452876307
269.60835,-9.1452681646
269.6375,-9.1452871463
269.66665,-9.1452779303
269.6958,-9.1452864805
269.72495,-9.1452647476
269.7541,-9.1453105049
269.78325,-9.1452679331
269.8124,-9.145236849
269.84155,-9.1452850025
269.8707,-9.1452184704
269.89985,-9.1452434021
269.929,-9.145197074
269.95815,-9.1451680016
269.9873,-9.14515596
270.01645,-9.1451380698
270.0456,-9.1451046998
270.07475,-9.1450835424
270.1039,-9.1450691855
270.13305,-9.145039734
270.1622,-9.1450145272
270.19135,-9.1450329901
270.2205,-9.1450285496
270.24965,-9.1450147851
270.2788,-9.1449960878
270.30795,-9.1450159237
270.3371,-9.1449963774
270.36625,-9.1450186616
270.3954,-9.1450325197
270.42455,-9.1450799198
270.4537,-9.1451256464
270.48285,-9.1451513563
270.512,-9.1451872986
270.54115,-9.1452334381
270.5703,-9.1452556396
270.59945,-9.1452758061
270.6286,-9.1453182227
270.65775,-9.1453419395
270.6869,-9.1453560661
270.71605,-9.1453404913
270.7452,-9.1454113088
270.77435,-9.1453897185
270.8035,-9.1454103961
270.83265,-9.1454024559
270.8618,-9.145404831
270.89095,-9.1453965331
270.9201,-9.1453810111
270.94925,-9.145338179
270.9784,-9.1452901173
271.00755,-9.1452399594
271.0367,-9.1451867104
271.06585,-9.1451424688
271.095,-9.1450651358
271.12415,-9.1449956031
271.1533,-9.1449283075
271.18245,-9.1449552948
271.2116,-9.1448497634
271.24075,-9.1447896496
271.2699,-9.1447450929
271.29905,-9.1446580576
271.3282,-9.1445836934
271.35735,-9.1445115114
271.3865,-9.144460651
271.41565,-9.1444191955
271.4448,-9.1444010641
271.47395,-9.1443463904
271.5031,-9.1443414867
271.53225,-9.1443037455
271.5614,-9.1442996699
271.59055,-9.1443049072
271.6197,-9.1443100184
271.64885,-9.1443034526
271.678,-9.144322912
271.70715,-9.1443528577
271.7363,-9.1443525713
271.76545,-9.1443628487
271.7946,-9.1443419176
271.82375,-9.1443204186
271.8529,-9.1443157923
271.88205,-9.1443191661
271.9112,-9.1442623666
271.94035,-9.1442600732
271.9695,-9.1442119202
271.99865,-9.1441699527
272.0278,-9.1441465911
272.05695,-9.1441111622
272.0861,-9.144100913
272.11525,-9.1440495881
272.1444,-9.1440113304
272.17355,-9.1439728705
272.2027,-9.143954974
272.23185,-9.1439759528
272.261,-9.1439044502
272.29015,-9.1438605495
272.3193,-9.1438295239
272.34845,-9.1438143269
272.3776,-9.1437874786
272.40675,-9.1438068318
272.4359,-9.143776751
272.46505,-9.1437685843
272.4942,-9.1437491024
272.52335,-9.1437696907
272.5525,-9.1437263157
272.58165,-9.1437114426
272.6108,-9.1436694633
272.63995,-9.1436240151
272.6691,-9.1435790741
272.69825,-9.1435630537
272.7274,-9.143538145
272.75655,-9.1435014789
272.7857,-9.1434738529
272.81485,-9.1434270323
272.844,-9.143408402
272.87315,-9.1433721964
272.9023,-9.1433500371
272.93145,-9.1432984284
272.9606,-9.143298312
272.98975,-9.1432931258
273.0189,-9.1432813522
273.04805,-9.1432736701
273.0772,-9.1432478926
273.10635,-9.143231651
273.1355,-9.1432086399
273.16465,-9.1431585148
273.1938,-9.1430968781
273.22295,-9.1430585321
273.2521,-9.1430019083
273.28125,-9.1429605331
273.3104,-9.142911762
273.33955,-9.1428425867
273.3687,-9.1427642589
273.39785,-9.1427329245
273.427,-9.1426899745
273.45615,-9.1426512679
273.4853,-9.1425876187
273.51445,-9.1425765173
273.5436,-9.1425072521
273.57275,-9.1425258119
273.6019,-9.1424950189
273.63105,-9.1424727795
273.6602,-9.1424280614
273.68935,-9.1424177777
273.7185,-9.1423919806
273.74765,-9.1423807007
273.7768,-9.1423497404
273.80595,-9.1423243515
273.8351,-9.1422968747
273.86425,-9.1422579366
273.8934,-9.1422484209
273.92255,-9.1422171324
273.9517,-9.1421883026
273.98085,-9.1421521433
274.01,-9.1421161988
274.03915,-9.142073125
274.0683,-9.1420088069
274.09745,-9.1420040934
274.1266,-9.1419426293
274.15575,-9.1418936542
274.1849,-9.1418458401
274.21405,-9.141796546
274.2432,-9.14174876
274.27235,-9.1416819013
274.3015,-9.1416297644
274.33065,-9.1416020597
274.3598,-9.1415570081
274.38895,-9.1415170919
274.4181,-9.1414755133
274.44725,-9.1414320877
274.4764,-9.141349747
274.50555,-9.1413471279
274.5347,-9.1412938663
274.56385,-9.1412461082
274.593,-9.1412035735
274.62215,-9.1411663333
274.6513,-9.1410992293
274.68045,-9.1410552596
274.7096,-9.1410006685
274.73875,-9.1409756436
274.7679,-9.1409297861
274.79705,-9.1408860625
274.8262,-9.1408403055
274.85535,-9.1408267254
274.8845,-9.1407808064
274.91365,-9.1407395628
274.9428,-9.1406933475
274.97195,-9.1406457411
275.0011,-9.1405828565
275.03025,-9.1405753098
275.0594,-9.1404990585
275.08855,-9.1404621257
275.1177,-9.1403736724
275.14685,-9.1403083716
275.176,-9.1402484061
275.20515,-9.1401594793
275.2343,-9.1401024377
275.26345,-9.1400327034
275.2926,-9.1399508543
275.32175,-9.1398710954
275.3509,-9.1397729137
275.38005,-9.1397451933
275.4092,-9.1396871296
275.43835,-9.1396718166
275.4675,-9.1396118505
275.49665,-9.1395622558
275.5258,-9.1395371343
275.55495,-9.1395071334
275.5841,-9.1394794038
275.61325,-9.1394364085
275.6424,-9.1393905244
275.67155,-9.1393253548
275.7007,-9.1393069536
275.72985,-9.1392934898
275.759,-9.1392635281
275.78815,-9.1392167472
275.8173,-9.1391781849
275.84645,-9.139108046
275.8756,-9.1391273477
275.90475,-9.1390853268
275.9339,-9.139074957
275.96305,-9.1390762686
275.9922,-9.1390682055
276.02135,-9.139025539
276.0505,-9.1390278826
276.07965,-9.1390211393
276.1088,-9.1390081844
276.13795,-9.1390181751
276.1671,-9.1389862947
276.19625,-9.1389740671
276.2254,-9.1389640417
276.25455,-9.1389144909
276.2837,-9.1389196887
276.31285,-9.1388916693
276.342,-9.1388816042
276.37115,-9.1387994365
276.4003,-9.1388095524
276.42945,-9.1387746514
276.4586,-9.1387648893
276.48775,-9.1387395664
276.5169,-9.1387342901
276.54605,-9.138717372
276.5752,-9.1387037169
276.60435,-9.138671217
276.6335,-9.1386277329
276.66265,-9.1386196551
276.6918,-9.1385855207
276.72095,-9.1385618462
276.7501,-9.1385325878
276.77925,-9.1384943914
276.8084,-9.1384307992
276.83755,-9.1384165793
276.8667,-9.1383410135
276.89585,-9.1382763055
276.925,-9.1381900778
276.95415,-9.1380691916
276.9833,-9.1379980072
277.01245,-9.1379631153
277.0416,-9.1378888607
277.07075,-9.1378327195
277.0999,-9.1378086519
277.12905,-9.1377854513
277.1582,-9.1377234366
277.18735,-9.1377090148
277.2165,-9.1376838802
277.24565,-9.1376547939
277.2748,-9.1376498968
277.30395,-9.1376549011
277.3331,-9.1376618018
277.36225,-9.1376623548
277.3914,-9.1376514056
277.42055,-9.1376437867
277.4497,-9.1376086084
277.47885,-9.1375982369
277.508,-9.1375879704
277.53715,-9.137521823
277.5663,-9.1375259408
277.59545,-9.1374961603
277.6246,-9.1374231585
277.65375,-9.1374289985
277.6829,-9.1373791591
277.71205,-9.1373589186
277.7412,-9.1373293956
277.77035,-9.1373137265
277.7995,-9.1372825346
277.82865,-9.1372433344
277.8578,-9.1372183088
277.88695,-9.1371547936
277.9161,-9.1371137371
277.94525,-9.1370956965
277.9744,-9.1370080588
278.00355,-9.1369594859
278.0327,-9.136898007
278.06185,-9.1368370657
278.091,-9.1367584532
278.12015,-9.1367252671
278.1493,-9.1366463865
278.17845,-9.1366172854
278.2076,-9.1365638965
278.23675,-9.1365192253
278.2659,-9.1364926947
278.29505,-9.1364452558
278.3242,-9.1364507373
278.35335,-9.1363919536
278.3825,-9.1364209507
278.41165,-9.1363154632
278.4408,-9.1363352802
278.46995,-9.1362979552
278.4991,-9.1362980543
278.52825,-9.136305134
278.5574,-9.1363076581
278.58655,-9.1363226197
278.6157,-9.1363465235
278.64485,-9.136374713
278.674,-9.1363896248
278.70315,-9.1364058356
278.7323,-9.1364262226
278.76145,-9.1364473315
278.7906,-9.136458516
278.81975,-9.1364687473
278.8489,-9.1364776335
278.87805,-9.1364979952
278.9072,-9.1365070578
278.93635,-9.1365338158
278.9655,-9.1365301737
278.99465,-9.1365185415
279.0238,-9.1365305665
279.05295,-9.1365141701
279.0821,-9.136561054
279.11125,-9.1365088444
279.1404,-9.136542394
279.16955,-9.1365188648
279.1987,-9.136512554
279.22785,-9.1364869946
279.257,-9.1364749429
279.28615,-9.1364550429
279.3153,-9.1364333401
279.34445,-9.1363910898
279.3736,-9.1363423128
279.40275,-9.1363306435
279.4319,-9.1362867843
279.46105,-9.1362567195
279.4902,-9.1361840266
279.51935,-9.1361317207
279.5485,-9.1360622218
279.57765,-9.1359879634
279.6068,-9.1359347973
279.63595,-9.1358736942
279.6651,-9.1358080169
279.69425,-9.135774477
279.7234,-9.1357127487
279.75255,-9.1356903262
279.7817,-9.1356613784
279.81085,-9.1356237492
279.84,-9.1355772021
279.86915,-9.1355357692
279.8983,-9.1355223814
279.92745,-9.1354875323
279.9566,-9.1355045655
279.98575,-9.1355049526
280.0149,-9.1355020149
280.04405,-9.1354899406
280.0732,-9.1354919844
280.10235,-9.1354941099
280.1315,-9.135516301
280.16065,-9.135537043
280.1898,-9.1355499498
280.21895,-9.1355660861
280.2481,-9.135601106
280.27725,-9.1356018488
280.3064,-9.1356211579
280.33555,-9.1356846684
280.3647,-9.1356739162
280.39385,-9.1357014121
280.423,-9.1356987568
280.45215,-9.1356717839
280.4813,-9.1356918063
280.51045,-9.135656232
280.5396,-9.1356327331
280.56875,-9.135624694
280.5979,-9.1355729006
280.62705,-9.1355517426
280.6562,-9.135475915
280.68535,-9.1354211079
280.7145,-9.1354232685
280.74365,-9.1353672614
280.7728,-9.1353562698
280.80195,-9.1353354816
280.8311,-9.1353128509
280.86025,-9.1352579501
280.8894,-9.1352838401
280.91855,-9.1352655551
280.9477,-9.1352610904
280.97685,-9.1352388104
281.006,-9.1352374414
281.03515,-9.1352586631
281.0643,-9.1352580229
281.09345,-9.1352659211
281.1226,-9.1352818927
281.15175,-9.13529246
281.1809,-9.1352932248
281.21005,-9.1352873227
281.2392,-9.1352982878
281.26835,-9.1352963738
281.2975,-9.1353290838
281.32665,-9.1353122029
281.3558,-9.1353527635
281.38495,-9.1353477092
281.4141,-9.1353612116
281.44325,-9.1353631539
281.4724,-9.1353566057
281.50155,-9.1353575299
281.5307,-9.1353392632
281.55985,-9.135330935
281.589,-9.1353134919
281.61815,-9.135338675
281.6473,-9.1353256787
281.67645,-9.1353410922
281.7056,-9.1353428729
281.73475,-9.1353395518
281.7639,-9.1353277113
281.79305,-9.1352764246
281.8222,-9.1352812495
281.85135,-9.1352281776
281.8805,-9.1352473139
281.90965,-9.1352229203
281.9388,-9.1352074493
281.96795,-9.1351939323
281.9971,-9.1351485031
282.02625,-9.1351588042
282.0554,-9.135154223
282.08455,-9.1351316825
282.1137,-9.1351501156
282.14285,-9.1351160375
282.172,-9.1351362935
282.20115,-9.1351360836
282.2303,-9.1351316741
282.25945,-9.1351067241
282.2886,-9.1351560511
282.31775,-9.1351746665
282.3469,-9.1351756679
282.37605,-9.1352217953
282.4052,-9.1352449453
282.43435,-9.1352651267
282.4635,-9.1353093825
282.49265,-9.1353704104
282.5218,-9.1353991345
282.55095,-9.1354482672
282.5801,-9.1355069745
282.60925,-9.1355626339
282.6384,-9.135616736
282.66755,-9.1356723674
282.6967,-9.1356797122
282.72585,-9.1357324861
282.755,-9.1357654006
282.78415,-9.1357988542
282.8133,-9.135823905
282.84245,-9.1358008691
282.8716,-9.1358517847
282.90075,-9.1358512652
282.9299,-9.1358710311
282.95905,-9.1359048674
282.9882,-9.1359021993
283.01735,-9.1358889453
283.0465,-9.1359204904
283.07565,-9.1359055346
283.1048,-9.1358906848
283.13395,-9.1359234347
283.1631,-9.1358886198
283.19225,-9.1359521476
283.2214,-9.1359391446
283.25055,-9.1359334268
283.2797,-9.1359080939
283.30885,-9.1359078711
283.338,-9.1359158352
283.36715,-9.1359256611
283.3963,-9.1359484878
283.42545,-9.1359644818
283.4546,-9.1359559471
283.48375,-9.135968213
283.5129,-9.1359299721
283.54205,-9.1359675155
283.5712,-9.1359428013
283.60035,-9.1359421751
283.6295,-9.1359420421
283.65865,-9.1359399012
283.6878,-9.1359328351
283.71695,-9.1359608313
283.7461,-9.1359675014
283.77525,-9.1359583101
283.8044,-9.1359676316
283.83355,-9.1359334261
283.8627,-9.1359982047
283.89185,-9.136012695
283.921,-9.1360615051
283.95015,-9.1360621196
283.9793,-9.1360889909
284.00845,-9.136112918
284.0376,-9.1361600589
284.06675,-9.1361840724
284.0959,-9.1362369466
284.12505,-9.1362989544
284.1542,-9.1363317152
284.18335,-9.1363573565
284.2125,-9.136393342
284.24165,-9.1364299898
284.2708,-9.1364586662
284.29995,-9.1364974526
284.3291,-9.1365280563
284.35825,-9.1365580126
284.3874,-9.1365655372
284.41655,-9.1365889502
284.4457,-9.1366089166
284.47485,-9.1366201545
284.504,-9.1366483502
284.53315,-9.1366671985
284.5623,-9.1366950224
284.59145,-9.1367039635
284.6206,-9.1367350905
284.64975,-9.1367446079
284.6789,-9.1368266364
